-- MySQL dump 10.13  Distrib 5.7.33, for Linux (x86_64)
--
-- Host: localhost    Database: oceanfoods
-- ------------------------------------------------------
-- Server version	5.7.33-0ubuntu0.18.04.1

/*!40101 SET @OLD_CHARACTER_SET_CLIENT=@@CHARACTER_SET_CLIENT */;
/*!40101 SET @OLD_CHARACTER_SET_RESULTS=@@CHARACTER_SET_RESULTS */;
/*!40101 SET @OLD_COLLATION_CONNECTION=@@COLLATION_CONNECTION */;
/*!40101 SET NAMES utf8 */;
/*!40103 SET @OLD_TIME_ZONE=@@TIME_ZONE */;
/*!40103 SET TIME_ZONE='+00:00' */;
/*!40014 SET @OLD_UNIQUE_CHECKS=@@UNIQUE_CHECKS, UNIQUE_CHECKS=0 */;
/*!40014 SET @OLD_FOREIGN_KEY_CHECKS=@@FOREIGN_KEY_CHECKS, FOREIGN_KEY_CHECKS=0 */;
/*!40101 SET @OLD_SQL_MODE=@@SQL_MODE, SQL_MODE='NO_AUTO_VALUE_ON_ZERO' */;
/*!40111 SET @OLD_SQL_NOTES=@@SQL_NOTES, SQL_NOTES=0 */;

--
-- Table structure for table `1_areas`
--

DROP TABLE IF EXISTS `1_areas`;
/*!40101 SET @saved_cs_client     = @@character_set_client */;
/*!40101 SET character_set_client = utf8 */;
CREATE TABLE `1_areas` (
  `area_code` int(11) NOT NULL AUTO_INCREMENT,
  `description` varchar(60) COLLATE utf8_unicode_ci NOT NULL DEFAULT '',
  `inactive` tinyint(1) NOT NULL DEFAULT '0',
  PRIMARY KEY (`area_code`),
  UNIQUE KEY `description` (`description`)
) ENGINE=InnoDB AUTO_INCREMENT=2 DEFAULT CHARSET=utf8 COLLATE=utf8_unicode_ci;
/*!40101 SET character_set_client = @saved_cs_client */;

--
-- Dumping data for table `1_areas`
--

LOCK TABLES `1_areas` WRITE;
/*!40000 ALTER TABLE `1_areas` DISABLE KEYS */;
INSERT INTO `1_areas` VALUES (1,'Global',0);
/*!40000 ALTER TABLE `1_areas` ENABLE KEYS */;
UNLOCK TABLES;

--
-- Table structure for table `1_attachments`
--

DROP TABLE IF EXISTS `1_attachments`;
/*!40101 SET @saved_cs_client     = @@character_set_client */;
/*!40101 SET character_set_client = utf8 */;
CREATE TABLE `1_attachments` (
  `id` int(11) unsigned NOT NULL AUTO_INCREMENT,
  `description` varchar(60) COLLATE utf8_unicode_ci NOT NULL DEFAULT '',
  `type_no` int(11) NOT NULL DEFAULT '0',
  `trans_no` int(11) NOT NULL DEFAULT '0',
  `unique_name` varchar(60) COLLATE utf8_unicode_ci NOT NULL DEFAULT '',
  `tran_date` date NOT NULL DEFAULT '0000-00-00',
  `filename` varchar(60) COLLATE utf8_unicode_ci NOT NULL DEFAULT '',
  `filesize` int(11) NOT NULL DEFAULT '0',
  `filetype` varchar(60) COLLATE utf8_unicode_ci NOT NULL DEFAULT '',
  PRIMARY KEY (`id`),
  KEY `type_no` (`type_no`,`trans_no`)
) ENGINE=InnoDB DEFAULT CHARSET=utf8 COLLATE=utf8_unicode_ci;
/*!40101 SET character_set_client = @saved_cs_client */;

--
-- Dumping data for table `1_attachments`
--

LOCK TABLES `1_attachments` WRITE;
/*!40000 ALTER TABLE `1_attachments` DISABLE KEYS */;
/*!40000 ALTER TABLE `1_attachments` ENABLE KEYS */;
UNLOCK TABLES;

--
-- Table structure for table `1_audit_trail`
--

DROP TABLE IF EXISTS `1_audit_trail`;
/*!40101 SET @saved_cs_client     = @@character_set_client */;
/*!40101 SET character_set_client = utf8 */;
CREATE TABLE `1_audit_trail` (
  `id` int(11) NOT NULL AUTO_INCREMENT,
  `type` smallint(6) unsigned NOT NULL DEFAULT '0',
  `trans_no` int(11) unsigned NOT NULL DEFAULT '0',
  `user` smallint(6) unsigned NOT NULL DEFAULT '0',
  `stamp` timestamp NOT NULL DEFAULT CURRENT_TIMESTAMP ON UPDATE CURRENT_TIMESTAMP,
  `description` varchar(60) COLLATE utf8_unicode_ci DEFAULT NULL,
  `fiscal_year` int(11) NOT NULL DEFAULT '0',
  `gl_date` date NOT NULL DEFAULT '0000-00-00',
  `gl_seq` int(11) unsigned DEFAULT NULL,
  PRIMARY KEY (`id`),
  KEY `Seq` (`fiscal_year`,`gl_date`,`gl_seq`),
  KEY `Type_and_Number` (`type`,`trans_no`)
) ENGINE=InnoDB AUTO_INCREMENT=29 DEFAULT CHARSET=utf8 COLLATE=utf8_unicode_ci;
/*!40101 SET character_set_client = @saved_cs_client */;

--
-- Dumping data for table `1_audit_trail`
--

LOCK TABLES `1_audit_trail` WRITE;
/*!40000 ALTER TABLE `1_audit_trail` DISABLE KEYS */;
INSERT INTO `1_audit_trail` VALUES (1,17,1,1,'2021-04-05 06:38:24','',3,'2021-01-01',0),(2,30,1,1,'2021-04-05 06:39:06','',3,'2021-04-05',0),(3,13,1,1,'2021-04-05 06:39:06','',3,'2021-04-05',0),(4,10,1,1,'2021-04-05 06:39:06','',3,'2021-04-05',0),(5,12,1,1,'2021-04-05 06:39:06','',3,'2021-04-05',0),(6,30,2,1,'2021-04-05 06:39:38','',3,'2021-04-05',0),(7,13,2,1,'2021-04-05 06:39:38','',3,'2021-04-05',0),(8,10,2,1,'2021-04-05 06:39:38','',3,'2021-04-05',0),(9,12,2,1,'2021-04-05 06:39:38','',3,'2021-04-05',0),(10,30,3,1,'2021-04-05 06:43:24','',3,'2021-04-05',0),(11,30,4,1,'2021-04-05 08:28:26','',3,'2021-04-05',0),(12,13,3,1,'2021-04-05 08:28:26','',3,'2021-04-05',0),(13,10,3,1,'2021-04-05 08:28:26','',3,'2021-04-05',0),(14,12,3,1,'2021-04-05 08:28:26','',3,'2021-04-05',0),(15,30,5,1,'2021-04-05 08:33:30','',3,'2021-04-05',0),(16,13,4,1,'2021-04-05 08:33:30','',3,'2021-04-05',0),(17,10,4,1,'2021-04-05 08:33:30','',3,'2021-04-05',0),(18,12,4,1,'2021-04-05 08:33:30','',3,'2021-04-05',0),(19,30,6,1,'2021-04-05 10:13:16','',3,'2021-04-05',0),(20,13,5,1,'2021-04-05 10:13:16','',3,'2021-04-05',0),(21,10,5,1,'2021-04-05 10:13:16','',3,'2021-04-05',0),(22,12,5,1,'2021-04-05 10:13:16','',3,'2021-04-05',0),(23,30,7,1,'2021-04-06 15:27:47','',3,'2021-04-06',0),(24,13,6,1,'2021-04-06 15:27:47','',3,'2021-04-06',0),(25,30,8,1,'2021-04-06 15:28:11','',3,'2021-04-06',0),(26,13,7,1,'2021-04-06 15:28:11','',3,'2021-04-06',0),(27,10,6,1,'2021-04-06 15:28:11','',3,'2021-04-06',0),(28,12,6,1,'2021-04-06 15:28:11','',3,'2021-04-06',0);
/*!40000 ALTER TABLE `1_audit_trail` ENABLE KEYS */;
UNLOCK TABLES;

--
-- Table structure for table `1_bank_accounts`
--

DROP TABLE IF EXISTS `1_bank_accounts`;
/*!40101 SET @saved_cs_client     = @@character_set_client */;
/*!40101 SET character_set_client = utf8 */;
CREATE TABLE `1_bank_accounts` (
  `account_code` varchar(15) COLLATE utf8_unicode_ci NOT NULL DEFAULT '',
  `account_type` smallint(6) NOT NULL DEFAULT '0',
  `bank_account_name` varchar(60) COLLATE utf8_unicode_ci NOT NULL DEFAULT '',
  `bank_account_number` varchar(100) COLLATE utf8_unicode_ci NOT NULL DEFAULT '',
  `bank_name` varchar(60) COLLATE utf8_unicode_ci NOT NULL DEFAULT '',
  `bank_address` tinytext COLLATE utf8_unicode_ci,
  `bank_curr_code` char(3) COLLATE utf8_unicode_ci NOT NULL DEFAULT '',
  `dflt_curr_act` tinyint(1) NOT NULL DEFAULT '0',
  `id` smallint(6) NOT NULL AUTO_INCREMENT,
  `bank_charge_act` varchar(15) COLLATE utf8_unicode_ci NOT NULL DEFAULT '',
  `last_reconciled_date` timestamp NOT NULL DEFAULT '0000-00-00 00:00:00',
  `ending_reconcile_balance` double NOT NULL DEFAULT '0',
  `inactive` tinyint(1) NOT NULL DEFAULT '0',
  PRIMARY KEY (`id`),
  KEY `bank_account_name` (`bank_account_name`),
  KEY `bank_account_number` (`bank_account_number`),
  KEY `account_code` (`account_code`)
) ENGINE=InnoDB AUTO_INCREMENT=3 DEFAULT CHARSET=utf8 COLLATE=utf8_unicode_ci;
/*!40101 SET character_set_client = @saved_cs_client */;

--
-- Dumping data for table `1_bank_accounts`
--

LOCK TABLES `1_bank_accounts` WRITE;
/*!40000 ALTER TABLE `1_bank_accounts` DISABLE KEYS */;
INSERT INTO `1_bank_accounts` VALUES ('1060',0,'Current account','N/A','N/A',NULL,'USD',1,1,'5690','0000-00-00 00:00:00',0,0),('1065',3,'Petty Cash account','N/A','N/A',NULL,'USD',0,2,'5690','0000-00-00 00:00:00',0,0);
/*!40000 ALTER TABLE `1_bank_accounts` ENABLE KEYS */;
UNLOCK TABLES;

--
-- Table structure for table `1_bank_trans`
--

DROP TABLE IF EXISTS `1_bank_trans`;
/*!40101 SET @saved_cs_client     = @@character_set_client */;
/*!40101 SET character_set_client = utf8 */;
CREATE TABLE `1_bank_trans` (
  `id` int(11) NOT NULL AUTO_INCREMENT,
  `type` smallint(6) DEFAULT NULL,
  `trans_no` int(11) DEFAULT NULL,
  `bank_act` varchar(15) COLLATE utf8_unicode_ci NOT NULL DEFAULT '',
  `ref` varchar(40) COLLATE utf8_unicode_ci DEFAULT NULL,
  `trans_date` date NOT NULL DEFAULT '0000-00-00',
  `amount` double DEFAULT NULL,
  `dimension_id` int(11) NOT NULL DEFAULT '0',
  `dimension2_id` int(11) NOT NULL DEFAULT '0',
  `person_type_id` int(11) NOT NULL DEFAULT '0',
  `person_id` tinyblob,
  `reconciled` date DEFAULT NULL,
  PRIMARY KEY (`id`),
  KEY `bank_act` (`bank_act`,`ref`),
  KEY `type` (`type`,`trans_no`),
  KEY `bank_act_2` (`bank_act`,`reconciled`),
  KEY `bank_act_3` (`bank_act`,`trans_date`)
) ENGINE=InnoDB AUTO_INCREMENT=7 DEFAULT CHARSET=utf8 COLLATE=utf8_unicode_ci;
/*!40101 SET character_set_client = @saved_cs_client */;

--
-- Dumping data for table `1_bank_trans`
--

LOCK TABLES `1_bank_trans` WRITE;
/*!40000 ALTER TABLE `1_bank_trans` DISABLE KEYS */;
INSERT INTO `1_bank_trans` VALUES (1,12,1,'2','001/2021','2021-04-05',110,0,0,2,_binary '1',NULL),(2,12,2,'2','002/2021','2021-04-05',10,0,0,2,_binary '1',NULL),(3,12,3,'2','003/2021','2021-04-05',3.6,0,0,2,_binary '1',NULL),(4,12,4,'2','004/2021','2021-04-05',3.65,0,0,2,_binary '1',NULL),(5,12,5,'2','005/2021','2021-04-05',0.9,0,0,2,_binary '1',NULL),(6,12,6,'2','006/2021','2021-04-06',3.6,0,0,2,_binary '1',NULL);
/*!40000 ALTER TABLE `1_bank_trans` ENABLE KEYS */;
UNLOCK TABLES;

--
-- Table structure for table `1_bom`
--

DROP TABLE IF EXISTS `1_bom`;
/*!40101 SET @saved_cs_client     = @@character_set_client */;
/*!40101 SET character_set_client = utf8 */;
CREATE TABLE `1_bom` (
  `id` int(11) NOT NULL AUTO_INCREMENT,
  `parent` char(20) COLLATE utf8_unicode_ci NOT NULL DEFAULT '',
  `component` char(20) COLLATE utf8_unicode_ci NOT NULL DEFAULT '',
  `workcentre_added` int(11) NOT NULL DEFAULT '0',
  `loc_code` char(5) COLLATE utf8_unicode_ci NOT NULL DEFAULT '',
  `quantity` double NOT NULL DEFAULT '1',
  PRIMARY KEY (`parent`,`component`,`workcentre_added`,`loc_code`),
  KEY `component` (`component`),
  KEY `id` (`id`),
  KEY `loc_code` (`loc_code`),
  KEY `parent` (`parent`,`loc_code`),
  KEY `workcentre_added` (`workcentre_added`)
) ENGINE=InnoDB DEFAULT CHARSET=utf8 COLLATE=utf8_unicode_ci;
/*!40101 SET character_set_client = @saved_cs_client */;

--
-- Dumping data for table `1_bom`
--

LOCK TABLES `1_bom` WRITE;
/*!40000 ALTER TABLE `1_bom` DISABLE KEYS */;
/*!40000 ALTER TABLE `1_bom` ENABLE KEYS */;
UNLOCK TABLES;

--
-- Table structure for table `1_budget_trans`
--

DROP TABLE IF EXISTS `1_budget_trans`;
/*!40101 SET @saved_cs_client     = @@character_set_client */;
/*!40101 SET character_set_client = utf8 */;
CREATE TABLE `1_budget_trans` (
  `id` int(11) NOT NULL AUTO_INCREMENT,
  `tran_date` date NOT NULL DEFAULT '0000-00-00',
  `account` varchar(15) COLLATE utf8_unicode_ci NOT NULL DEFAULT '',
  `memo_` tinytext COLLATE utf8_unicode_ci NOT NULL,
  `amount` double NOT NULL DEFAULT '0',
  `dimension_id` int(11) DEFAULT '0',
  `dimension2_id` int(11) DEFAULT '0',
  PRIMARY KEY (`id`),
  KEY `Account` (`account`,`tran_date`,`dimension_id`,`dimension2_id`)
) ENGINE=InnoDB DEFAULT CHARSET=utf8 COLLATE=utf8_unicode_ci;
/*!40101 SET character_set_client = @saved_cs_client */;

--
-- Dumping data for table `1_budget_trans`
--

LOCK TABLES `1_budget_trans` WRITE;
/*!40000 ALTER TABLE `1_budget_trans` DISABLE KEYS */;
/*!40000 ALTER TABLE `1_budget_trans` ENABLE KEYS */;
UNLOCK TABLES;

--
-- Table structure for table `1_chart_class`
--

DROP TABLE IF EXISTS `1_chart_class`;
/*!40101 SET @saved_cs_client     = @@character_set_client */;
/*!40101 SET character_set_client = utf8 */;
CREATE TABLE `1_chart_class` (
  `cid` varchar(3) COLLATE utf8_unicode_ci NOT NULL,
  `class_name` varchar(60) COLLATE utf8_unicode_ci NOT NULL DEFAULT '',
  `ctype` tinyint(1) NOT NULL DEFAULT '0',
  `inactive` tinyint(1) NOT NULL DEFAULT '0',
  PRIMARY KEY (`cid`)
) ENGINE=InnoDB DEFAULT CHARSET=utf8 COLLATE=utf8_unicode_ci;
/*!40101 SET character_set_client = @saved_cs_client */;

--
-- Dumping data for table `1_chart_class`
--

LOCK TABLES `1_chart_class` WRITE;
/*!40000 ALTER TABLE `1_chart_class` DISABLE KEYS */;
INSERT INTO `1_chart_class` VALUES ('1','Assets',1,0),('2','Liabilities',2,0),('3','Income',4,0),('4','Costs',6,0);
/*!40000 ALTER TABLE `1_chart_class` ENABLE KEYS */;
UNLOCK TABLES;

--
-- Table structure for table `1_chart_master`
--

DROP TABLE IF EXISTS `1_chart_master`;
/*!40101 SET @saved_cs_client     = @@character_set_client */;
/*!40101 SET character_set_client = utf8 */;
CREATE TABLE `1_chart_master` (
  `account_code` varchar(15) COLLATE utf8_unicode_ci NOT NULL DEFAULT '',
  `account_code2` varchar(15) COLLATE utf8_unicode_ci NOT NULL DEFAULT '',
  `account_name` varchar(60) COLLATE utf8_unicode_ci NOT NULL DEFAULT '',
  `account_type` varchar(10) COLLATE utf8_unicode_ci NOT NULL DEFAULT '0',
  `inactive` tinyint(1) NOT NULL DEFAULT '0',
  PRIMARY KEY (`account_code`),
  KEY `account_name` (`account_name`),
  KEY `accounts_by_type` (`account_type`,`account_code`)
) ENGINE=InnoDB DEFAULT CHARSET=utf8 COLLATE=utf8_unicode_ci;
/*!40101 SET character_set_client = @saved_cs_client */;

--
-- Dumping data for table `1_chart_master`
--

LOCK TABLES `1_chart_master` WRITE;
/*!40000 ALTER TABLE `1_chart_master` DISABLE KEYS */;
INSERT INTO `1_chart_master` VALUES ('1060','','Checking Account','1',0),('1065','','Petty Cash','1',0),('1200','','Accounts Receivables','1',0),('1205','','Allowance for doubtful accounts','1',0),('1510','','Inventory','2',0),('1520','','Stocks of Raw Materials','2',0),('1530','','Stocks of Work In Progress','2',0),('1540','','Stocks of Finished Goods','2',0),('1550','','Goods Received Clearing account','2',0),('1820','','Office Furniture &amp; Equipment','3',0),('1825','','Accum. Amort. -Furn. &amp; Equip.','3',0),('1840','','Vehicle','3',0),('1845','','Accum. Amort. -Vehicle','3',0),('2100','','Accounts Payable','4',0),('2105','','Deferred Income','4',0),('2110','','Accrued Income Tax - Federal','4',0),('2120','','Accrued Income Tax - State','4',0),('2130','','Accrued Franchise Tax','4',0),('2140','','Accrued Real &amp; Personal Prop Tax','4',0),('2150','','Sales Tax','4',0),('2160','','Accrued Use Tax Payable','4',0),('2210','','Accrued Wages','4',0),('2220','','Accrued Comp Time','4',0),('2230','','Accrued Holiday Pay','4',0),('2240','','Accrued Vacation Pay','4',0),('2310','','Accr. Benefits - 401K','4',0),('2320','','Accr. Benefits - Stock Purchase','4',0),('2330','','Accr. Benefits - Med, Den','4',0),('2340','','Accr. Benefits - Payroll Taxes','4',0),('2350','','Accr. Benefits - Credit Union','4',0),('2360','','Accr. Benefits - Savings Bond','4',0),('2370','','Accr. Benefits - Garnish','4',0),('2380','','Accr. Benefits - Charity Cont.','4',0),('2620','','Bank Loans','5',0),('2680','','Loans from Shareholders','5',0),('3350','','Common Shares','6',0),('3590','','Retained Earnings - prior years','7',0),('4010','','Sales','8',0),('4430','','Shipping &amp; Handling','9',0),('4440','','Interest','9',0),('4450','','Foreign Exchange Gain','9',0),('4500','','Prompt Payment Discounts','9',0),('4510','','Discounts Given','9',0),('5010','','Cost of Goods Sold - Retail','10',0),('5020','','Material Usage Varaiance','10',0),('5030','','Consumable Materials','10',0),('5040','','Purchase price Variance','10',0),('5050','','Purchases of materials','10',0),('5060','','Discounts Received','10',0),('5100','','Freight','10',0),('5410','','Wages &amp; Salaries','11',0),('5420','','Wages - Overtime','11',0),('5430','','Benefits - Comp Time','11',0),('5440','','Benefits - Payroll Taxes','11',0),('5450','','Benefits - Workers Comp','11',0),('5460','','Benefits - Pension','11',0),('5470','','Benefits - General Benefits','11',0),('5510','','Inc Tax Exp - Federal','11',0),('5520','','Inc Tax Exp - State','11',0),('5530','','Taxes - Real Estate','11',0),('5540','','Taxes - Personal Property','11',0),('5550','','Taxes - Franchise','11',0),('5560','','Taxes - Foreign Withholding','11',0),('5610','','Accounting &amp; Legal','12',0),('5615','','Advertising &amp; Promotions','12',0),('5620','','Bad Debts','12',0),('5660','','Amortization Expense','12',0),('5685','','Insurance','12',0),('5690','','Interest &amp; Bank Charges','12',0),('5700','','Office Supplies','12',0),('5760','','Rent','12',0),('5765','','Repair &amp; Maintenance','12',0),('5780','','Telephone','12',0),('5785','','Travel &amp; Entertainment','12',0),('5790','','Utilities','12',0),('5795','','Registrations','12',0),('5800','','Licenses','12',0),('5810','','Foreign Exchange Loss','12',0),('9990','','Year Profit/Loss','12',0);
/*!40000 ALTER TABLE `1_chart_master` ENABLE KEYS */;
UNLOCK TABLES;

--
-- Table structure for table `1_chart_types`
--

DROP TABLE IF EXISTS `1_chart_types`;
/*!40101 SET @saved_cs_client     = @@character_set_client */;
/*!40101 SET character_set_client = utf8 */;
CREATE TABLE `1_chart_types` (
  `id` varchar(10) COLLATE utf8_unicode_ci NOT NULL,
  `name` varchar(60) COLLATE utf8_unicode_ci NOT NULL DEFAULT '',
  `class_id` varchar(3) COLLATE utf8_unicode_ci NOT NULL DEFAULT '',
  `parent` varchar(10) COLLATE utf8_unicode_ci NOT NULL DEFAULT '-1',
  `inactive` tinyint(1) NOT NULL DEFAULT '0',
  PRIMARY KEY (`id`),
  KEY `name` (`name`),
  KEY `class_id` (`class_id`)
) ENGINE=InnoDB DEFAULT CHARSET=utf8 COLLATE=utf8_unicode_ci;
/*!40101 SET character_set_client = @saved_cs_client */;

--
-- Dumping data for table `1_chart_types`
--

LOCK TABLES `1_chart_types` WRITE;
/*!40000 ALTER TABLE `1_chart_types` DISABLE KEYS */;
INSERT INTO `1_chart_types` VALUES ('1','Current Assets','1','',0),('10','Cost of Goods Sold','4','',0),('11','Payroll Expenses','4','',0),('12','General &amp; Administrative expenses','4','',0),('2','Inventory Assets','1','',0),('3','Capital Assets','1','',0),('4','Current Liabilities','2','',0),('5','Long Term Liabilities','2','',0),('6','Share Capital','2','',0),('7','Retained Earnings','2','',0),('8','Sales Revenue','3','',0),('9','Other Revenue','3','',0);
/*!40000 ALTER TABLE `1_chart_types` ENABLE KEYS */;
UNLOCK TABLES;

--
-- Table structure for table `1_comments`
--

DROP TABLE IF EXISTS `1_comments`;
/*!40101 SET @saved_cs_client     = @@character_set_client */;
/*!40101 SET character_set_client = utf8 */;
CREATE TABLE `1_comments` (
  `type` int(11) NOT NULL DEFAULT '0',
  `id` int(11) NOT NULL DEFAULT '0',
  `date_` date DEFAULT '0000-00-00',
  `memo_` tinytext COLLATE utf8_unicode_ci,
  KEY `type_and_id` (`type`,`id`)
) ENGINE=InnoDB DEFAULT CHARSET=utf8 COLLATE=utf8_unicode_ci;
/*!40101 SET character_set_client = @saved_cs_client */;

--
-- Dumping data for table `1_comments`
--

LOCK TABLES `1_comments` WRITE;
/*!40000 ALTER TABLE `1_comments` DISABLE KEYS */;
INSERT INTO `1_comments` VALUES (12,1,'2021-04-05','Default #1'),(12,2,'2021-04-05','Default #2'),(12,3,'2021-04-05','Default #3'),(12,4,'2021-04-05','Default #4'),(12,5,'2021-04-05','Default #5'),(12,6,'2021-04-06','Default #6');
/*!40000 ALTER TABLE `1_comments` ENABLE KEYS */;
UNLOCK TABLES;

--
-- Table structure for table `1_credit_status`
--

DROP TABLE IF EXISTS `1_credit_status`;
/*!40101 SET @saved_cs_client     = @@character_set_client */;
/*!40101 SET character_set_client = utf8 */;
CREATE TABLE `1_credit_status` (
  `id` int(11) NOT NULL AUTO_INCREMENT,
  `reason_description` char(100) COLLATE utf8_unicode_ci NOT NULL DEFAULT '',
  `dissallow_invoices` tinyint(1) NOT NULL DEFAULT '0',
  `inactive` tinyint(1) NOT NULL DEFAULT '0',
  PRIMARY KEY (`id`),
  UNIQUE KEY `reason_description` (`reason_description`)
) ENGINE=InnoDB AUTO_INCREMENT=5 DEFAULT CHARSET=utf8 COLLATE=utf8_unicode_ci;
/*!40101 SET character_set_client = @saved_cs_client */;

--
-- Dumping data for table `1_credit_status`
--

LOCK TABLES `1_credit_status` WRITE;
/*!40000 ALTER TABLE `1_credit_status` DISABLE KEYS */;
INSERT INTO `1_credit_status` VALUES (1,'Good History',0,0),(3,'No more work until payment received',1,0),(4,'In liquidation',1,0);
/*!40000 ALTER TABLE `1_credit_status` ENABLE KEYS */;
UNLOCK TABLES;

--
-- Table structure for table `1_crm_categories`
--

DROP TABLE IF EXISTS `1_crm_categories`;
/*!40101 SET @saved_cs_client     = @@character_set_client */;
/*!40101 SET character_set_client = utf8 */;
CREATE TABLE `1_crm_categories` (
  `id` int(11) NOT NULL AUTO_INCREMENT COMMENT 'pure technical key',
  `type` varchar(20) COLLATE utf8_unicode_ci NOT NULL COMMENT 'contact type e.g. customer',
  `action` varchar(20) COLLATE utf8_unicode_ci NOT NULL COMMENT 'detailed usage e.g. department',
  `name` varchar(30) COLLATE utf8_unicode_ci NOT NULL COMMENT 'for category selector',
  `description` tinytext COLLATE utf8_unicode_ci NOT NULL COMMENT 'usage description',
  `system` tinyint(1) NOT NULL DEFAULT '0' COMMENT 'nonzero for core system usage',
  `inactive` tinyint(1) NOT NULL DEFAULT '0',
  PRIMARY KEY (`id`),
  UNIQUE KEY `type` (`type`,`action`),
  UNIQUE KEY `type_2` (`type`,`name`)
) ENGINE=InnoDB AUTO_INCREMENT=13 DEFAULT CHARSET=utf8 COLLATE=utf8_unicode_ci;
/*!40101 SET character_set_client = @saved_cs_client */;

--
-- Dumping data for table `1_crm_categories`
--

LOCK TABLES `1_crm_categories` WRITE;
/*!40000 ALTER TABLE `1_crm_categories` DISABLE KEYS */;
INSERT INTO `1_crm_categories` VALUES (1,'cust_branch','general','General','General contact data for customer branch (overrides company setting)',1,0),(2,'cust_branch','invoice','Invoices','Invoice posting (overrides company setting)',1,0),(3,'cust_branch','order','Orders','Order confirmation (overrides company setting)',1,0),(4,'cust_branch','delivery','Deliveries','Delivery coordination (overrides company setting)',1,0),(5,'customer','general','General','General contact data for customer',1,0),(6,'customer','order','Orders','Order confirmation',1,0),(7,'customer','delivery','Deliveries','Delivery coordination',1,0),(8,'customer','invoice','Invoices','Invoice posting',1,0),(9,'supplier','general','General','General contact data for supplier',1,0),(10,'supplier','order','Orders','Order confirmation',1,0),(11,'supplier','delivery','Deliveries','Delivery coordination',1,0),(12,'supplier','invoice','Invoices','Invoice posting',1,0);
/*!40000 ALTER TABLE `1_crm_categories` ENABLE KEYS */;
UNLOCK TABLES;

--
-- Table structure for table `1_crm_contacts`
--

DROP TABLE IF EXISTS `1_crm_contacts`;
/*!40101 SET @saved_cs_client     = @@character_set_client */;
/*!40101 SET character_set_client = utf8 */;
CREATE TABLE `1_crm_contacts` (
  `id` int(11) NOT NULL AUTO_INCREMENT,
  `person_id` int(11) NOT NULL DEFAULT '0' COMMENT 'foreign key to crm_persons',
  `type` varchar(20) COLLATE utf8_unicode_ci NOT NULL COMMENT 'foreign key to crm_categories',
  `action` varchar(20) COLLATE utf8_unicode_ci NOT NULL COMMENT 'foreign key to crm_categories',
  `entity_id` varchar(11) COLLATE utf8_unicode_ci DEFAULT NULL COMMENT 'entity id in related class table',
  PRIMARY KEY (`id`),
  KEY `type` (`type`,`action`)
) ENGINE=InnoDB AUTO_INCREMENT=3 DEFAULT CHARSET=utf8 COLLATE=utf8_unicode_ci;
/*!40101 SET character_set_client = @saved_cs_client */;

--
-- Dumping data for table `1_crm_contacts`
--

LOCK TABLES `1_crm_contacts` WRITE;
/*!40000 ALTER TABLE `1_crm_contacts` DISABLE KEYS */;
INSERT INTO `1_crm_contacts` VALUES (1,1,'cust_branch','general','1'),(2,1,'customer','general','1');
/*!40000 ALTER TABLE `1_crm_contacts` ENABLE KEYS */;
UNLOCK TABLES;

--
-- Table structure for table `1_crm_persons`
--

DROP TABLE IF EXISTS `1_crm_persons`;
/*!40101 SET @saved_cs_client     = @@character_set_client */;
/*!40101 SET character_set_client = utf8 */;
CREATE TABLE `1_crm_persons` (
  `id` int(11) NOT NULL AUTO_INCREMENT,
  `ref` varchar(30) COLLATE utf8_unicode_ci NOT NULL,
  `name` varchar(60) COLLATE utf8_unicode_ci NOT NULL,
  `name2` varchar(60) COLLATE utf8_unicode_ci DEFAULT NULL,
  `address` tinytext COLLATE utf8_unicode_ci,
  `phone` varchar(30) COLLATE utf8_unicode_ci DEFAULT NULL,
  `phone2` varchar(30) COLLATE utf8_unicode_ci DEFAULT NULL,
  `fax` varchar(30) COLLATE utf8_unicode_ci DEFAULT NULL,
  `email` varchar(100) COLLATE utf8_unicode_ci DEFAULT NULL,
  `lang` char(5) COLLATE utf8_unicode_ci DEFAULT NULL,
  `notes` tinytext COLLATE utf8_unicode_ci NOT NULL,
  `inactive` tinyint(1) NOT NULL DEFAULT '0',
  PRIMARY KEY (`id`),
  KEY `ref` (`ref`)
) ENGINE=InnoDB AUTO_INCREMENT=2 DEFAULT CHARSET=utf8 COLLATE=utf8_unicode_ci;
/*!40101 SET character_set_client = @saved_cs_client */;

--
-- Dumping data for table `1_crm_persons`
--

LOCK TABLES `1_crm_persons` WRITE;
/*!40000 ALTER TABLE `1_crm_persons` DISABLE KEYS */;
INSERT INTO `1_crm_persons` VALUES (1,'DEMO','DEMO','','DEMO','','','','','','',0);
/*!40000 ALTER TABLE `1_crm_persons` ENABLE KEYS */;
UNLOCK TABLES;

--
-- Table structure for table `1_currencies`
--

DROP TABLE IF EXISTS `1_currencies`;
/*!40101 SET @saved_cs_client     = @@character_set_client */;
/*!40101 SET character_set_client = utf8 */;
CREATE TABLE `1_currencies` (
  `currency` varchar(60) COLLATE utf8_unicode_ci NOT NULL DEFAULT '',
  `curr_abrev` char(3) COLLATE utf8_unicode_ci NOT NULL DEFAULT '',
  `curr_symbol` varchar(10) COLLATE utf8_unicode_ci NOT NULL DEFAULT '',
  `country` varchar(100) COLLATE utf8_unicode_ci NOT NULL DEFAULT '',
  `hundreds_name` varchar(15) COLLATE utf8_unicode_ci NOT NULL DEFAULT '',
  `auto_update` tinyint(1) NOT NULL DEFAULT '1',
  `inactive` tinyint(1) NOT NULL DEFAULT '0',
  PRIMARY KEY (`curr_abrev`)
) ENGINE=InnoDB DEFAULT CHARSET=utf8 COLLATE=utf8_unicode_ci;
/*!40101 SET character_set_client = @saved_cs_client */;

--
-- Dumping data for table `1_currencies`
--

LOCK TABLES `1_currencies` WRITE;
/*!40000 ALTER TABLE `1_currencies` DISABLE KEYS */;
INSERT INTO `1_currencies` VALUES ('CA Dollars','CAD','$','Canada','Cents',1,0),('Euro','EUR','€','Europe','Cents',1,0),('Pounds','GBP','£','England','Pence',1,0),('KENYAN SHILLINGS','KES','KES','KENYA','CENTS',1,0),('US Dollars','USD','$','United States','Cents',1,0);
/*!40000 ALTER TABLE `1_currencies` ENABLE KEYS */;
UNLOCK TABLES;

--
-- Table structure for table `1_cust_allocations`
--

DROP TABLE IF EXISTS `1_cust_allocations`;
/*!40101 SET @saved_cs_client     = @@character_set_client */;
/*!40101 SET character_set_client = utf8 */;
CREATE TABLE `1_cust_allocations` (
  `id` int(11) NOT NULL AUTO_INCREMENT,
  `person_id` int(11) DEFAULT NULL,
  `amt` double unsigned DEFAULT NULL,
  `date_alloc` date NOT NULL DEFAULT '0000-00-00',
  `trans_no_from` int(11) DEFAULT NULL,
  `trans_type_from` int(11) DEFAULT NULL,
  `trans_no_to` int(11) DEFAULT NULL,
  `trans_type_to` int(11) DEFAULT NULL,
  PRIMARY KEY (`id`),
  UNIQUE KEY `trans_type_from` (`person_id`,`trans_type_from`,`trans_no_from`,`trans_type_to`,`trans_no_to`),
  KEY `From` (`trans_type_from`,`trans_no_from`),
  KEY `To` (`trans_type_to`,`trans_no_to`)
) ENGINE=InnoDB AUTO_INCREMENT=7 DEFAULT CHARSET=utf8 COLLATE=utf8_unicode_ci;
/*!40101 SET character_set_client = @saved_cs_client */;

--
-- Dumping data for table `1_cust_allocations`
--

LOCK TABLES `1_cust_allocations` WRITE;
/*!40000 ALTER TABLE `1_cust_allocations` DISABLE KEYS */;
INSERT INTO `1_cust_allocations` VALUES (1,1,110,'2021-04-05',1,12,1,10),(2,1,1110,'2021-04-05',2,12,2,10),(3,1,400,'2021-04-05',3,12,3,10),(4,1,405,'2021-04-05',4,12,4,10),(5,1,100,'2021-04-05',5,12,5,10),(6,1,400,'2021-04-06',6,12,6,10);
/*!40000 ALTER TABLE `1_cust_allocations` ENABLE KEYS */;
UNLOCK TABLES;

--
-- Table structure for table `1_cust_branch`
--

DROP TABLE IF EXISTS `1_cust_branch`;
/*!40101 SET @saved_cs_client     = @@character_set_client */;
/*!40101 SET character_set_client = utf8 */;
CREATE TABLE `1_cust_branch` (
  `branch_code` int(11) NOT NULL AUTO_INCREMENT,
  `debtor_no` int(11) NOT NULL DEFAULT '0',
  `br_name` varchar(60) COLLATE utf8_unicode_ci NOT NULL DEFAULT '',
  `branch_ref` varchar(30) COLLATE utf8_unicode_ci NOT NULL DEFAULT '',
  `br_address` tinytext COLLATE utf8_unicode_ci NOT NULL,
  `area` int(11) DEFAULT NULL,
  `salesman` int(11) NOT NULL DEFAULT '0',
  `default_location` varchar(5) COLLATE utf8_unicode_ci NOT NULL DEFAULT '',
  `tax_group_id` int(11) DEFAULT NULL,
  `sales_account` varchar(15) COLLATE utf8_unicode_ci NOT NULL DEFAULT '',
  `sales_discount_account` varchar(15) COLLATE utf8_unicode_ci NOT NULL DEFAULT '',
  `receivables_account` varchar(15) COLLATE utf8_unicode_ci NOT NULL DEFAULT '',
  `payment_discount_account` varchar(15) COLLATE utf8_unicode_ci NOT NULL DEFAULT '',
  `default_ship_via` int(11) NOT NULL DEFAULT '1',
  `br_post_address` tinytext COLLATE utf8_unicode_ci NOT NULL,
  `group_no` int(11) NOT NULL DEFAULT '0',
  `notes` tinytext COLLATE utf8_unicode_ci NOT NULL,
  `bank_account` varchar(60) COLLATE utf8_unicode_ci DEFAULT NULL,
  `inactive` tinyint(1) NOT NULL DEFAULT '0',
  PRIMARY KEY (`branch_code`,`debtor_no`),
  KEY `branch_ref` (`branch_ref`),
  KEY `group_no` (`group_no`)
) ENGINE=InnoDB AUTO_INCREMENT=2 DEFAULT CHARSET=utf8 COLLATE=utf8_unicode_ci;
/*!40101 SET character_set_client = @saved_cs_client */;

--
-- Dumping data for table `1_cust_branch`
--

LOCK TABLES `1_cust_branch` WRITE;
/*!40000 ALTER TABLE `1_cust_branch` DISABLE KEYS */;
INSERT INTO `1_cust_branch` VALUES (1,1,'DEMO','DEMO','DEMO',1,1,'DEF',1,'','4510','1200','4500',1,'DEMO',0,'',NULL,0);
/*!40000 ALTER TABLE `1_cust_branch` ENABLE KEYS */;
UNLOCK TABLES;

--
-- Table structure for table `1_debtor_trans`
--

DROP TABLE IF EXISTS `1_debtor_trans`;
/*!40101 SET @saved_cs_client     = @@character_set_client */;
/*!40101 SET character_set_client = utf8 */;
CREATE TABLE `1_debtor_trans` (
  `trans_no` int(11) unsigned NOT NULL DEFAULT '0',
  `type` smallint(6) unsigned NOT NULL DEFAULT '0',
  `version` tinyint(1) unsigned NOT NULL DEFAULT '0',
  `debtor_no` int(11) unsigned NOT NULL,
  `branch_code` int(11) NOT NULL DEFAULT '-1',
  `tran_date` date NOT NULL DEFAULT '0000-00-00',
  `due_date` date NOT NULL DEFAULT '0000-00-00',
  `reference` varchar(60) COLLATE utf8_unicode_ci NOT NULL DEFAULT '',
  `tpe` int(11) NOT NULL DEFAULT '0',
  `order_` int(11) NOT NULL DEFAULT '0',
  `ov_amount` double NOT NULL DEFAULT '0',
  `ov_gst` double NOT NULL DEFAULT '0',
  `ov_freight` double NOT NULL DEFAULT '0',
  `ov_freight_tax` double NOT NULL DEFAULT '0',
  `ov_discount` double NOT NULL DEFAULT '0',
  `alloc` double NOT NULL DEFAULT '0',
  `prep_amount` double NOT NULL DEFAULT '0',
  `rate` double NOT NULL DEFAULT '1',
  `ship_via` int(11) DEFAULT NULL,
  `dimension_id` int(11) NOT NULL DEFAULT '0',
  `dimension2_id` int(11) NOT NULL DEFAULT '0',
  `payment_terms` int(11) DEFAULT NULL,
  `tax_included` tinyint(1) unsigned NOT NULL DEFAULT '0',
  PRIMARY KEY (`type`,`trans_no`,`debtor_no`),
  KEY `debtor_no` (`debtor_no`,`branch_code`),
  KEY `tran_date` (`tran_date`),
  KEY `order_` (`order_`)
) ENGINE=InnoDB DEFAULT CHARSET=utf8 COLLATE=utf8_unicode_ci;
/*!40101 SET character_set_client = @saved_cs_client */;

--
-- Dumping data for table `1_debtor_trans`
--

LOCK TABLES `1_debtor_trans` WRITE;
/*!40000 ALTER TABLE `1_debtor_trans` DISABLE KEYS */;
INSERT INTO `1_debtor_trans` VALUES (1,10,0,1,1,'2021-04-05','2021-04-05','INV001/2021',1,1,110,0,0,0,0,110,0,1,1,0,0,4,1),(2,10,0,1,1,'2021-04-05','2021-04-05','INV002/2021',1,2,1110,0,0,0,0,1110,0,1,1,0,0,4,1),(3,10,0,1,1,'2021-04-05','2021-04-05','INV003/2021',1,4,400,0,0,0,0,400,0,1,1,0,0,4,1),(4,10,0,1,1,'2021-04-05','2021-04-05','INV004/2021',1,5,405,0,0,0,0,405,0,1,1,0,0,4,1),(5,10,0,1,1,'2021-04-05','2021-04-05','INV005/2021',1,6,100,0,0,0,0,100,0,1,1,0,0,4,1),(6,10,0,1,1,'2021-04-06','2021-04-06','INV006/2021',1,8,400,0,0,0,0,400,0,1,1,0,0,4,1),(1,12,0,1,1,'2021-04-05','0000-00-00','001/2021',0,0,110,0,0,0,0,110,0,1,0,0,0,NULL,0),(2,12,0,1,1,'2021-04-05','0000-00-00','002/2021',0,0,1110,0,0,0,0,1110,0,1,0,0,0,NULL,0),(3,12,0,1,1,'2021-04-05','0000-00-00','003/2021',0,0,400,0,0,0,0,400,0,1,0,0,0,NULL,0),(4,12,0,1,1,'2021-04-05','0000-00-00','004/2021',0,0,405,0,0,0,0,405,0,1,0,0,0,NULL,0),(5,12,0,1,1,'2021-04-05','0000-00-00','005/2021',0,0,100,0,0,0,0,100,0,1,0,0,0,NULL,0),(6,12,0,1,1,'2021-04-06','0000-00-00','006/2021',0,0,400,0,0,0,0,400,0,1,0,0,0,NULL,0),(1,13,1,1,1,'2021-04-05','2021-04-05','auto',1,1,110,0,0,0,0,0,0,1,1,0,0,4,1),(2,13,1,1,1,'2021-04-05','2021-04-05','auto',1,2,1110,0,0,0,0,0,0,1,1,0,0,4,1),(3,13,1,1,1,'2021-04-05','2021-04-05','auto',1,4,400,0,0,0,0,0,0,1,1,0,0,4,1),(4,13,1,1,1,'2021-04-05','2021-04-05','auto',1,5,405,0,0,0,0,0,0,1,1,0,0,4,1),(5,13,1,1,1,'2021-04-05','2021-04-05','auto',1,6,100,0,0,0,0,0,0,1,1,0,0,4,1),(6,13,0,1,1,'2021-04-06','2021-04-06','001/2021',1,7,200,0,0,0,0,0,0,1,1,0,0,4,1),(7,13,1,1,1,'2021-04-06','2021-04-06','auto',1,8,400,0,0,0,0,0,0,1,1,0,0,4,1);
/*!40000 ALTER TABLE `1_debtor_trans` ENABLE KEYS */;
UNLOCK TABLES;

--
-- Table structure for table `1_debtor_trans_details`
--

DROP TABLE IF EXISTS `1_debtor_trans_details`;
/*!40101 SET @saved_cs_client     = @@character_set_client */;
/*!40101 SET character_set_client = utf8 */;
CREATE TABLE `1_debtor_trans_details` (
  `id` int(11) NOT NULL AUTO_INCREMENT,
  `debtor_trans_no` int(11) DEFAULT NULL,
  `debtor_trans_type` int(11) DEFAULT NULL,
  `stock_id` varchar(20) COLLATE utf8_unicode_ci NOT NULL DEFAULT '',
  `description` tinytext COLLATE utf8_unicode_ci,
  `unit_price` double NOT NULL DEFAULT '0',
  `unit_tax` double NOT NULL DEFAULT '0',
  `quantity` double NOT NULL DEFAULT '0',
  `discount_percent` double NOT NULL DEFAULT '0',
  `standard_cost` double NOT NULL DEFAULT '0',
  `qty_done` double NOT NULL DEFAULT '0',
  `src_id` int(11) NOT NULL,
  PRIMARY KEY (`id`),
  KEY `Transaction` (`debtor_trans_type`,`debtor_trans_no`),
  KEY `src_id` (`src_id`)
) ENGINE=InnoDB AUTO_INCREMENT=14 DEFAULT CHARSET=utf8 COLLATE=utf8_unicode_ci;
/*!40101 SET character_set_client = @saved_cs_client */;

--
-- Dumping data for table `1_debtor_trans_details`
--

LOCK TABLES `1_debtor_trans_details` WRITE;
/*!40000 ALTER TABLE `1_debtor_trans_details` DISABLE KEYS */;
INSERT INTO `1_debtor_trans_details` VALUES (1,1,13,'TEST','TEST',110,5.24,1,0,1,1,1),(2,1,10,'TEST','TEST',110,5.24,1,0,1,0,1),(3,2,13,'TEST','TEST',1110,52.86,1,0,1,1,2),(4,2,10,'TEST','TEST',1110,52.86,1,0,1,0,3),(5,3,13,'TEST','TEST',200,9.525,2,0,1,2,4),(6,3,10,'TEST','TEST',200,9.525,2,0,1,0,5),(7,4,13,'TEST','TEST',150,7.1433333333333,3,0.1,1,3,5),(8,4,10,'TEST','TEST',150,7.1433333333333,3,0.1,1,0,7),(9,5,13,'TEST','TEST',100,4.76,1,0,1,1,6),(10,5,10,'TEST','TEST',100,4.76,1,0,1,0,9),(11,6,13,'TEST','TEST',100,4.76,2,0,1,0,7),(12,7,13,'TEST','TEST',200,9.525,2,0,1,2,8),(13,6,10,'TEST','TEST',200,9.525,2,0,1,0,12);
/*!40000 ALTER TABLE `1_debtor_trans_details` ENABLE KEYS */;
UNLOCK TABLES;

--
-- Table structure for table `1_debtors_master`
--

DROP TABLE IF EXISTS `1_debtors_master`;
/*!40101 SET @saved_cs_client     = @@character_set_client */;
/*!40101 SET character_set_client = utf8 */;
CREATE TABLE `1_debtors_master` (
  `debtor_no` int(11) NOT NULL AUTO_INCREMENT,
  `name` varchar(100) COLLATE utf8_unicode_ci NOT NULL DEFAULT '',
  `debtor_ref` varchar(30) COLLATE utf8_unicode_ci NOT NULL,
  `address` tinytext COLLATE utf8_unicode_ci,
  `tax_id` varchar(55) COLLATE utf8_unicode_ci NOT NULL DEFAULT '',
  `curr_code` char(3) COLLATE utf8_unicode_ci NOT NULL DEFAULT '',
  `sales_type` int(11) NOT NULL DEFAULT '1',
  `dimension_id` int(11) NOT NULL DEFAULT '0',
  `dimension2_id` int(11) NOT NULL DEFAULT '0',
  `credit_status` int(11) NOT NULL DEFAULT '0',
  `payment_terms` int(11) DEFAULT NULL,
  `discount` double NOT NULL DEFAULT '0',
  `pymt_discount` double NOT NULL DEFAULT '0',
  `credit_limit` float NOT NULL DEFAULT '1000',
  `notes` tinytext COLLATE utf8_unicode_ci NOT NULL,
  `inactive` tinyint(1) NOT NULL DEFAULT '0',
  PRIMARY KEY (`debtor_no`),
  UNIQUE KEY `debtor_ref` (`debtor_ref`),
  KEY `name` (`name`)
) ENGINE=InnoDB AUTO_INCREMENT=2 DEFAULT CHARSET=utf8 COLLATE=utf8_unicode_ci;
/*!40101 SET character_set_client = @saved_cs_client */;

--
-- Dumping data for table `1_debtors_master`
--

LOCK TABLES `1_debtors_master` WRITE;
/*!40000 ALTER TABLE `1_debtors_master` DISABLE KEYS */;
INSERT INTO `1_debtors_master` VALUES (1,'DEMO','DEMO','DEMO','','KES',1,0,0,1,4,0,0,1000,'',0);
/*!40000 ALTER TABLE `1_debtors_master` ENABLE KEYS */;
UNLOCK TABLES;

--
-- Table structure for table `1_dimensions`
--

DROP TABLE IF EXISTS `1_dimensions`;
/*!40101 SET @saved_cs_client     = @@character_set_client */;
/*!40101 SET character_set_client = utf8 */;
CREATE TABLE `1_dimensions` (
  `id` int(11) NOT NULL AUTO_INCREMENT,
  `reference` varchar(60) COLLATE utf8_unicode_ci NOT NULL DEFAULT '',
  `name` varchar(60) COLLATE utf8_unicode_ci NOT NULL DEFAULT '',
  `type_` tinyint(1) NOT NULL DEFAULT '1',
  `closed` tinyint(1) NOT NULL DEFAULT '0',
  `date_` date NOT NULL DEFAULT '0000-00-00',
  `due_date` date NOT NULL DEFAULT '0000-00-00',
  PRIMARY KEY (`id`),
  UNIQUE KEY `reference` (`reference`),
  KEY `date_` (`date_`),
  KEY `due_date` (`due_date`),
  KEY `type_` (`type_`)
) ENGINE=InnoDB DEFAULT CHARSET=utf8 COLLATE=utf8_unicode_ci;
/*!40101 SET character_set_client = @saved_cs_client */;

--
-- Dumping data for table `1_dimensions`
--

LOCK TABLES `1_dimensions` WRITE;
/*!40000 ALTER TABLE `1_dimensions` DISABLE KEYS */;
/*!40000 ALTER TABLE `1_dimensions` ENABLE KEYS */;
UNLOCK TABLES;

--
-- Table structure for table `1_exchange_rates`
--

DROP TABLE IF EXISTS `1_exchange_rates`;
/*!40101 SET @saved_cs_client     = @@character_set_client */;
/*!40101 SET character_set_client = utf8 */;
CREATE TABLE `1_exchange_rates` (
  `id` int(11) NOT NULL AUTO_INCREMENT,
  `curr_code` char(3) COLLATE utf8_unicode_ci NOT NULL DEFAULT '',
  `rate_buy` double NOT NULL DEFAULT '0',
  `rate_sell` double NOT NULL DEFAULT '0',
  `date_` date NOT NULL DEFAULT '0000-00-00',
  PRIMARY KEY (`id`),
  UNIQUE KEY `curr_code` (`curr_code`,`date_`)
) ENGINE=InnoDB AUTO_INCREMENT=2 DEFAULT CHARSET=utf8 COLLATE=utf8_unicode_ci;
/*!40101 SET character_set_client = @saved_cs_client */;

--
-- Dumping data for table `1_exchange_rates`
--

LOCK TABLES `1_exchange_rates` WRITE;
/*!40000 ALTER TABLE `1_exchange_rates` DISABLE KEYS */;
INSERT INTO `1_exchange_rates` VALUES (1,'USD',111,111,'2021-04-05');
/*!40000 ALTER TABLE `1_exchange_rates` ENABLE KEYS */;
UNLOCK TABLES;

--
-- Table structure for table `1_fiscal_year`
--

DROP TABLE IF EXISTS `1_fiscal_year`;
/*!40101 SET @saved_cs_client     = @@character_set_client */;
/*!40101 SET character_set_client = utf8 */;
CREATE TABLE `1_fiscal_year` (
  `id` int(11) NOT NULL AUTO_INCREMENT,
  `begin` date DEFAULT '0000-00-00',
  `end` date DEFAULT '0000-00-00',
  `closed` tinyint(1) NOT NULL DEFAULT '0',
  PRIMARY KEY (`id`),
  UNIQUE KEY `begin` (`begin`),
  UNIQUE KEY `end` (`end`)
) ENGINE=InnoDB AUTO_INCREMENT=4 DEFAULT CHARSET=utf8 COLLATE=utf8_unicode_ci;
/*!40101 SET character_set_client = @saved_cs_client */;

--
-- Dumping data for table `1_fiscal_year`
--

LOCK TABLES `1_fiscal_year` WRITE;
/*!40000 ALTER TABLE `1_fiscal_year` DISABLE KEYS */;
INSERT INTO `1_fiscal_year` VALUES (1,'2019-01-01','2019-12-31',1),(2,'2020-01-01','2020-12-31',0),(3,'2021-01-01','2021-12-31',0);
/*!40000 ALTER TABLE `1_fiscal_year` ENABLE KEYS */;
UNLOCK TABLES;

--
-- Table structure for table `1_gl_trans`
--

DROP TABLE IF EXISTS `1_gl_trans`;
/*!40101 SET @saved_cs_client     = @@character_set_client */;
/*!40101 SET character_set_client = utf8 */;
CREATE TABLE `1_gl_trans` (
  `counter` int(11) NOT NULL AUTO_INCREMENT,
  `type` smallint(6) NOT NULL DEFAULT '0',
  `type_no` int(11) NOT NULL DEFAULT '0',
  `tran_date` date NOT NULL DEFAULT '0000-00-00',
  `account` varchar(15) COLLATE utf8_unicode_ci NOT NULL DEFAULT '',
  `memo_` tinytext COLLATE utf8_unicode_ci NOT NULL,
  `amount` double NOT NULL DEFAULT '0',
  `dimension_id` int(11) NOT NULL DEFAULT '0',
  `dimension2_id` int(11) NOT NULL DEFAULT '0',
  `person_type_id` int(11) DEFAULT NULL,
  `person_id` tinyblob,
  PRIMARY KEY (`counter`),
  KEY `Type_and_Number` (`type`,`type_no`),
  KEY `dimension_id` (`dimension_id`),
  KEY `dimension2_id` (`dimension2_id`),
  KEY `tran_date` (`tran_date`),
  KEY `account_and_tran_date` (`account`,`tran_date`)
) ENGINE=InnoDB AUTO_INCREMENT=48 DEFAULT CHARSET=utf8 COLLATE=utf8_unicode_ci;
/*!40101 SET character_set_client = @saved_cs_client */;

--
-- Dumping data for table `1_gl_trans`
--

LOCK TABLES `1_gl_trans` WRITE;
/*!40000 ALTER TABLE `1_gl_trans` DISABLE KEYS */;
INSERT INTO `1_gl_trans` VALUES (1,17,1,'2021-01-01','5040','',-1110,0,0,NULL,NULL),(2,17,1,'2021-01-01','1510','',1110,0,0,NULL,NULL),(3,13,1,'2021-04-05','5010','',1,0,0,NULL,NULL),(4,13,1,'2021-04-05','1510','',-1,0,0,NULL,NULL),(5,10,1,'2021-04-05','4010','',-104.76,0,0,NULL,NULL),(6,10,1,'2021-04-05','1200','',110,0,0,2,_binary '1'),(7,10,1,'2021-04-05','2150','',-5.24,0,0,NULL,NULL),(8,12,1,'2021-04-05','1065','',110,0,0,NULL,NULL),(9,12,1,'2021-04-05','1200','',-110,0,0,2,_binary '1'),(10,13,2,'2021-04-05','5010','',1,0,0,NULL,NULL),(11,13,2,'2021-04-05','1510','',-1,0,0,NULL,NULL),(12,10,2,'2021-04-05','4010','',-1057.14,0,0,NULL,NULL),(13,10,2,'2021-04-05','1200','',1110,0,0,2,_binary '1'),(14,10,2,'2021-04-05','2150','',-52.86,0,0,NULL,NULL),(15,12,2,'2021-04-05','1065','',1110,0,0,NULL,NULL),(16,12,2,'2021-04-05','1200','',-1110,0,0,2,_binary '1'),(17,13,3,'2021-04-05','5010','',2,0,0,NULL,NULL),(18,13,3,'2021-04-05','1510','',-2,0,0,NULL,NULL),(19,10,3,'2021-04-05','4010','',-380.95,0,0,NULL,NULL),(20,10,3,'2021-04-05','1200','',400,0,0,2,_binary '1'),(21,10,3,'2021-04-05','2150','',-19.05,0,0,NULL,NULL),(22,12,3,'2021-04-05','1065','',400,0,0,NULL,NULL),(23,12,3,'2021-04-05','1200','',-400,0,0,2,_binary '1'),(24,13,4,'2021-04-05','5010','',3,0,0,NULL,NULL),(25,13,4,'2021-04-05','1510','',-3,0,0,NULL,NULL),(26,10,4,'2021-04-05','4010','',-428.57,0,0,NULL,NULL),(27,10,4,'2021-04-05','4510','',42.86,0,0,NULL,NULL),(28,10,4,'2021-04-05','1200','',405,0,0,2,_binary '1'),(29,10,4,'2021-04-05','2150','',-19.29,0,0,NULL,NULL),(30,12,4,'2021-04-05','1065','',405,0,0,NULL,NULL),(31,12,4,'2021-04-05','1200','',-405,0,0,2,_binary '1'),(32,13,5,'2021-04-05','5010','',1,0,0,NULL,NULL),(33,13,5,'2021-04-05','1510','',-1,0,0,NULL,NULL),(34,10,5,'2021-04-05','4010','',-95.24,0,0,NULL,NULL),(35,10,5,'2021-04-05','1200','',100,0,0,2,_binary '1'),(36,10,5,'2021-04-05','2150','',-4.76,0,0,NULL,NULL),(37,12,5,'2021-04-05','1065','',100,0,0,NULL,NULL),(38,12,5,'2021-04-05','1200','',-100,0,0,2,_binary '1'),(39,13,6,'2021-04-06','5010','',2,0,0,NULL,NULL),(40,13,6,'2021-04-06','1510','',-2,0,0,NULL,NULL),(41,13,7,'2021-04-06','5010','',2,0,0,NULL,NULL),(42,13,7,'2021-04-06','1510','',-2,0,0,NULL,NULL),(43,10,6,'2021-04-06','4010','',-380.95,0,0,NULL,NULL),(44,10,6,'2021-04-06','1200','',400,0,0,2,_binary '1'),(45,10,6,'2021-04-06','2150','',-19.05,0,0,NULL,NULL),(46,12,6,'2021-04-06','1065','',400,0,0,NULL,NULL),(47,12,6,'2021-04-06','1200','',-400,0,0,2,_binary '1');
/*!40000 ALTER TABLE `1_gl_trans` ENABLE KEYS */;
UNLOCK TABLES;

--
-- Table structure for table `1_grn_batch`
--

DROP TABLE IF EXISTS `1_grn_batch`;
/*!40101 SET @saved_cs_client     = @@character_set_client */;
/*!40101 SET character_set_client = utf8 */;
CREATE TABLE `1_grn_batch` (
  `id` int(11) NOT NULL AUTO_INCREMENT,
  `supplier_id` int(11) NOT NULL DEFAULT '0',
  `purch_order_no` int(11) DEFAULT NULL,
  `reference` varchar(60) COLLATE utf8_unicode_ci NOT NULL DEFAULT '',
  `delivery_date` date NOT NULL DEFAULT '0000-00-00',
  `loc_code` varchar(5) COLLATE utf8_unicode_ci DEFAULT NULL,
  `rate` double DEFAULT '1',
  PRIMARY KEY (`id`),
  KEY `delivery_date` (`delivery_date`),
  KEY `purch_order_no` (`purch_order_no`)
) ENGINE=InnoDB DEFAULT CHARSET=utf8 COLLATE=utf8_unicode_ci;
/*!40101 SET character_set_client = @saved_cs_client */;

--
-- Dumping data for table `1_grn_batch`
--

LOCK TABLES `1_grn_batch` WRITE;
/*!40000 ALTER TABLE `1_grn_batch` DISABLE KEYS */;
/*!40000 ALTER TABLE `1_grn_batch` ENABLE KEYS */;
UNLOCK TABLES;

--
-- Table structure for table `1_grn_items`
--

DROP TABLE IF EXISTS `1_grn_items`;
/*!40101 SET @saved_cs_client     = @@character_set_client */;
/*!40101 SET character_set_client = utf8 */;
CREATE TABLE `1_grn_items` (
  `id` int(11) NOT NULL AUTO_INCREMENT,
  `grn_batch_id` int(11) DEFAULT NULL,
  `po_detail_item` int(11) NOT NULL DEFAULT '0',
  `item_code` varchar(20) COLLATE utf8_unicode_ci NOT NULL DEFAULT '',
  `description` tinytext COLLATE utf8_unicode_ci,
  `qty_recd` double NOT NULL DEFAULT '0',
  `quantity_inv` double NOT NULL DEFAULT '0',
  PRIMARY KEY (`id`),
  KEY `grn_batch_id` (`grn_batch_id`)
) ENGINE=InnoDB DEFAULT CHARSET=utf8 COLLATE=utf8_unicode_ci;
/*!40101 SET character_set_client = @saved_cs_client */;

--
-- Dumping data for table `1_grn_items`
--

LOCK TABLES `1_grn_items` WRITE;
/*!40000 ALTER TABLE `1_grn_items` DISABLE KEYS */;
/*!40000 ALTER TABLE `1_grn_items` ENABLE KEYS */;
UNLOCK TABLES;

--
-- Table structure for table `1_groups`
--

DROP TABLE IF EXISTS `1_groups`;
/*!40101 SET @saved_cs_client     = @@character_set_client */;
/*!40101 SET character_set_client = utf8 */;
CREATE TABLE `1_groups` (
  `id` smallint(6) unsigned NOT NULL AUTO_INCREMENT,
  `description` varchar(60) COLLATE utf8_unicode_ci NOT NULL DEFAULT '',
  `inactive` tinyint(1) NOT NULL DEFAULT '0',
  PRIMARY KEY (`id`),
  UNIQUE KEY `description` (`description`)
) ENGINE=InnoDB AUTO_INCREMENT=4 DEFAULT CHARSET=utf8 COLLATE=utf8_unicode_ci;
/*!40101 SET character_set_client = @saved_cs_client */;

--
-- Dumping data for table `1_groups`
--

LOCK TABLES `1_groups` WRITE;
/*!40000 ALTER TABLE `1_groups` DISABLE KEYS */;
INSERT INTO `1_groups` VALUES (1,'Small',0),(2,'Medium',0),(3,'Large',0);
/*!40000 ALTER TABLE `1_groups` ENABLE KEYS */;
UNLOCK TABLES;

--
-- Table structure for table `1_item_codes`
--

DROP TABLE IF EXISTS `1_item_codes`;
/*!40101 SET @saved_cs_client     = @@character_set_client */;
/*!40101 SET character_set_client = utf8 */;
CREATE TABLE `1_item_codes` (
  `id` int(11) unsigned NOT NULL AUTO_INCREMENT,
  `item_code` varchar(20) COLLATE utf8_unicode_ci NOT NULL,
  `stock_id` varchar(20) COLLATE utf8_unicode_ci NOT NULL,
  `description` varchar(200) COLLATE utf8_unicode_ci NOT NULL DEFAULT '',
  `category_id` smallint(6) unsigned NOT NULL,
  `quantity` double NOT NULL DEFAULT '1',
  `is_foreign` tinyint(1) NOT NULL DEFAULT '0',
  `inactive` tinyint(1) NOT NULL DEFAULT '0',
  PRIMARY KEY (`id`),
  UNIQUE KEY `stock_id` (`stock_id`,`item_code`),
  KEY `item_code` (`item_code`)
) ENGINE=InnoDB AUTO_INCREMENT=2 DEFAULT CHARSET=utf8 COLLATE=utf8_unicode_ci;
/*!40101 SET character_set_client = @saved_cs_client */;

--
-- Dumping data for table `1_item_codes`
--

LOCK TABLES `1_item_codes` WRITE;
/*!40000 ALTER TABLE `1_item_codes` DISABLE KEYS */;
INSERT INTO `1_item_codes` VALUES (1,'TEST','TEST','TEST',1,1,0,0);
/*!40000 ALTER TABLE `1_item_codes` ENABLE KEYS */;
UNLOCK TABLES;

--
-- Table structure for table `1_item_tax_type_exemptions`
--

DROP TABLE IF EXISTS `1_item_tax_type_exemptions`;
/*!40101 SET @saved_cs_client     = @@character_set_client */;
/*!40101 SET character_set_client = utf8 */;
CREATE TABLE `1_item_tax_type_exemptions` (
  `item_tax_type_id` int(11) NOT NULL DEFAULT '0',
  `tax_type_id` int(11) NOT NULL DEFAULT '0',
  PRIMARY KEY (`item_tax_type_id`,`tax_type_id`)
) ENGINE=InnoDB DEFAULT CHARSET=utf8 COLLATE=utf8_unicode_ci;
/*!40101 SET character_set_client = @saved_cs_client */;

--
-- Dumping data for table `1_item_tax_type_exemptions`
--

LOCK TABLES `1_item_tax_type_exemptions` WRITE;
/*!40000 ALTER TABLE `1_item_tax_type_exemptions` DISABLE KEYS */;
/*!40000 ALTER TABLE `1_item_tax_type_exemptions` ENABLE KEYS */;
UNLOCK TABLES;

--
-- Table structure for table `1_item_tax_types`
--

DROP TABLE IF EXISTS `1_item_tax_types`;
/*!40101 SET @saved_cs_client     = @@character_set_client */;
/*!40101 SET character_set_client = utf8 */;
CREATE TABLE `1_item_tax_types` (
  `id` int(11) NOT NULL AUTO_INCREMENT,
  `name` varchar(60) COLLATE utf8_unicode_ci NOT NULL DEFAULT '',
  `exempt` tinyint(1) NOT NULL DEFAULT '0',
  `inactive` tinyint(1) NOT NULL DEFAULT '0',
  PRIMARY KEY (`id`),
  UNIQUE KEY `name` (`name`)
) ENGINE=InnoDB AUTO_INCREMENT=2 DEFAULT CHARSET=utf8 COLLATE=utf8_unicode_ci;
/*!40101 SET character_set_client = @saved_cs_client */;

--
-- Dumping data for table `1_item_tax_types`
--

LOCK TABLES `1_item_tax_types` WRITE;
/*!40000 ALTER TABLE `1_item_tax_types` DISABLE KEYS */;
INSERT INTO `1_item_tax_types` VALUES (1,'Regular',0,0);
/*!40000 ALTER TABLE `1_item_tax_types` ENABLE KEYS */;
UNLOCK TABLES;

--
-- Table structure for table `1_item_units`
--

DROP TABLE IF EXISTS `1_item_units`;
/*!40101 SET @saved_cs_client     = @@character_set_client */;
/*!40101 SET character_set_client = utf8 */;
CREATE TABLE `1_item_units` (
  `abbr` varchar(20) COLLATE utf8_unicode_ci NOT NULL,
  `name` varchar(40) COLLATE utf8_unicode_ci NOT NULL,
  `decimals` tinyint(2) NOT NULL,
  `inactive` tinyint(1) NOT NULL DEFAULT '0',
  PRIMARY KEY (`abbr`),
  UNIQUE KEY `name` (`name`)
) ENGINE=InnoDB DEFAULT CHARSET=utf8 COLLATE=utf8_unicode_ci;
/*!40101 SET character_set_client = @saved_cs_client */;

--
-- Dumping data for table `1_item_units`
--

LOCK TABLES `1_item_units` WRITE;
/*!40000 ALTER TABLE `1_item_units` DISABLE KEYS */;
INSERT INTO `1_item_units` VALUES ('each','Each',0,0),('hr','Hours',0,0);
/*!40000 ALTER TABLE `1_item_units` ENABLE KEYS */;
UNLOCK TABLES;

--
-- Table structure for table `1_journal`
--

DROP TABLE IF EXISTS `1_journal`;
/*!40101 SET @saved_cs_client     = @@character_set_client */;
/*!40101 SET character_set_client = utf8 */;
CREATE TABLE `1_journal` (
  `type` smallint(6) NOT NULL DEFAULT '0',
  `trans_no` int(11) NOT NULL DEFAULT '0',
  `tran_date` date DEFAULT '0000-00-00',
  `reference` varchar(60) COLLATE utf8_unicode_ci NOT NULL DEFAULT '',
  `source_ref` varchar(60) COLLATE utf8_unicode_ci NOT NULL DEFAULT '',
  `event_date` date DEFAULT '0000-00-00',
  `doc_date` date NOT NULL DEFAULT '0000-00-00',
  `currency` char(3) COLLATE utf8_unicode_ci NOT NULL DEFAULT '',
  `amount` double NOT NULL DEFAULT '0',
  `rate` double NOT NULL DEFAULT '1',
  PRIMARY KEY (`type`,`trans_no`),
  KEY `tran_date` (`tran_date`)
) ENGINE=InnoDB DEFAULT CHARSET=utf8 COLLATE=utf8_unicode_ci;
/*!40101 SET character_set_client = @saved_cs_client */;

--
-- Dumping data for table `1_journal`
--

LOCK TABLES `1_journal` WRITE;
/*!40000 ALTER TABLE `1_journal` DISABLE KEYS */;
/*!40000 ALTER TABLE `1_journal` ENABLE KEYS */;
UNLOCK TABLES;

--
-- Table structure for table `1_loc_stock`
--

DROP TABLE IF EXISTS `1_loc_stock`;
/*!40101 SET @saved_cs_client     = @@character_set_client */;
/*!40101 SET character_set_client = utf8 */;
CREATE TABLE `1_loc_stock` (
  `loc_code` char(5) COLLATE utf8_unicode_ci NOT NULL DEFAULT '',
  `stock_id` char(20) COLLATE utf8_unicode_ci NOT NULL DEFAULT '',
  `reorder_level` double NOT NULL DEFAULT '0',
  PRIMARY KEY (`loc_code`,`stock_id`),
  KEY `stock_id` (`stock_id`)
) ENGINE=InnoDB DEFAULT CHARSET=utf8 COLLATE=utf8_unicode_ci;
/*!40101 SET character_set_client = @saved_cs_client */;

--
-- Dumping data for table `1_loc_stock`
--

LOCK TABLES `1_loc_stock` WRITE;
/*!40000 ALTER TABLE `1_loc_stock` DISABLE KEYS */;
INSERT INTO `1_loc_stock` VALUES ('DEF','TEST',0);
/*!40000 ALTER TABLE `1_loc_stock` ENABLE KEYS */;
UNLOCK TABLES;

--
-- Table structure for table `1_locations`
--

DROP TABLE IF EXISTS `1_locations`;
/*!40101 SET @saved_cs_client     = @@character_set_client */;
/*!40101 SET character_set_client = utf8 */;
CREATE TABLE `1_locations` (
  `loc_code` varchar(5) COLLATE utf8_unicode_ci NOT NULL DEFAULT '',
  `location_name` varchar(60) COLLATE utf8_unicode_ci NOT NULL DEFAULT '',
  `delivery_address` tinytext COLLATE utf8_unicode_ci NOT NULL,
  `phone` varchar(30) COLLATE utf8_unicode_ci NOT NULL DEFAULT '',
  `phone2` varchar(30) COLLATE utf8_unicode_ci NOT NULL DEFAULT '',
  `fax` varchar(30) COLLATE utf8_unicode_ci NOT NULL DEFAULT '',
  `email` varchar(100) COLLATE utf8_unicode_ci NOT NULL DEFAULT '',
  `contact` varchar(30) COLLATE utf8_unicode_ci NOT NULL DEFAULT '',
  `fixed_asset` tinyint(1) NOT NULL DEFAULT '0',
  `inactive` tinyint(1) NOT NULL DEFAULT '0',
  PRIMARY KEY (`loc_code`)
) ENGINE=InnoDB DEFAULT CHARSET=utf8 COLLATE=utf8_unicode_ci;
/*!40101 SET character_set_client = @saved_cs_client */;

--
-- Dumping data for table `1_locations`
--

LOCK TABLES `1_locations` WRITE;
/*!40000 ALTER TABLE `1_locations` DISABLE KEYS */;
INSERT INTO `1_locations` VALUES ('DEF','Default','N/A','','','','','',0,0);
/*!40000 ALTER TABLE `1_locations` ENABLE KEYS */;
UNLOCK TABLES;

--
-- Table structure for table `1_payment_terms`
--

DROP TABLE IF EXISTS `1_payment_terms`;
/*!40101 SET @saved_cs_client     = @@character_set_client */;
/*!40101 SET character_set_client = utf8 */;
CREATE TABLE `1_payment_terms` (
  `terms_indicator` int(11) NOT NULL AUTO_INCREMENT,
  `terms` char(80) COLLATE utf8_unicode_ci NOT NULL DEFAULT '',
  `days_before_due` smallint(6) NOT NULL DEFAULT '0',
  `day_in_following_month` smallint(6) NOT NULL DEFAULT '0',
  `inactive` tinyint(1) NOT NULL DEFAULT '0',
  PRIMARY KEY (`terms_indicator`),
  UNIQUE KEY `terms` (`terms`)
) ENGINE=InnoDB AUTO_INCREMENT=6 DEFAULT CHARSET=utf8 COLLATE=utf8_unicode_ci;
/*!40101 SET character_set_client = @saved_cs_client */;

--
-- Dumping data for table `1_payment_terms`
--

LOCK TABLES `1_payment_terms` WRITE;
/*!40000 ALTER TABLE `1_payment_terms` DISABLE KEYS */;
INSERT INTO `1_payment_terms` VALUES (1,'Due 15th Of the Following Month',0,17,0),(2,'Due By End Of The Following Month',0,30,0),(3,'Payment due within 10 days',10,0,0),(4,'Cash Only',0,0,0),(5,'Prepaid',-1,0,0);
/*!40000 ALTER TABLE `1_payment_terms` ENABLE KEYS */;
UNLOCK TABLES;

--
-- Table structure for table `1_prices`
--

DROP TABLE IF EXISTS `1_prices`;
/*!40101 SET @saved_cs_client     = @@character_set_client */;
/*!40101 SET character_set_client = utf8 */;
CREATE TABLE `1_prices` (
  `id` int(11) NOT NULL AUTO_INCREMENT,
  `stock_id` varchar(20) COLLATE utf8_unicode_ci NOT NULL DEFAULT '',
  `sales_type_id` int(11) NOT NULL DEFAULT '0',
  `curr_abrev` char(3) COLLATE utf8_unicode_ci NOT NULL DEFAULT '',
  `price` double NOT NULL DEFAULT '0',
  PRIMARY KEY (`id`),
  UNIQUE KEY `price` (`stock_id`,`sales_type_id`,`curr_abrev`)
) ENGINE=InnoDB DEFAULT CHARSET=utf8 COLLATE=utf8_unicode_ci;
/*!40101 SET character_set_client = @saved_cs_client */;

--
-- Dumping data for table `1_prices`
--

LOCK TABLES `1_prices` WRITE;
/*!40000 ALTER TABLE `1_prices` DISABLE KEYS */;
/*!40000 ALTER TABLE `1_prices` ENABLE KEYS */;
UNLOCK TABLES;

--
-- Table structure for table `1_print_profiles`
--

DROP TABLE IF EXISTS `1_print_profiles`;
/*!40101 SET @saved_cs_client     = @@character_set_client */;
/*!40101 SET character_set_client = utf8 */;
CREATE TABLE `1_print_profiles` (
  `id` smallint(6) unsigned NOT NULL AUTO_INCREMENT,
  `profile` varchar(30) COLLATE utf8_unicode_ci NOT NULL,
  `report` varchar(5) COLLATE utf8_unicode_ci DEFAULT NULL,
  `printer` tinyint(3) unsigned DEFAULT NULL,
  PRIMARY KEY (`id`),
  UNIQUE KEY `profile` (`profile`,`report`)
) ENGINE=InnoDB AUTO_INCREMENT=10 DEFAULT CHARSET=utf8 COLLATE=utf8_unicode_ci;
/*!40101 SET character_set_client = @saved_cs_client */;

--
-- Dumping data for table `1_print_profiles`
--

LOCK TABLES `1_print_profiles` WRITE;
/*!40000 ALTER TABLE `1_print_profiles` DISABLE KEYS */;
INSERT INTO `1_print_profiles` VALUES (1,'Out of office',NULL,0),(2,'Sales Department',NULL,0),(3,'Central',NULL,2),(4,'Sales Department','104',2),(5,'Sales Department','105',2),(6,'Sales Department','107',2),(7,'Sales Department','109',2),(8,'Sales Department','110',2),(9,'Sales Department','201',2);
/*!40000 ALTER TABLE `1_print_profiles` ENABLE KEYS */;
UNLOCK TABLES;

--
-- Table structure for table `1_printers`
--

DROP TABLE IF EXISTS `1_printers`;
/*!40101 SET @saved_cs_client     = @@character_set_client */;
/*!40101 SET character_set_client = utf8 */;
CREATE TABLE `1_printers` (
  `id` tinyint(3) unsigned NOT NULL AUTO_INCREMENT,
  `name` varchar(20) COLLATE utf8_unicode_ci NOT NULL,
  `description` varchar(60) COLLATE utf8_unicode_ci NOT NULL,
  `queue` varchar(20) COLLATE utf8_unicode_ci NOT NULL,
  `host` varchar(40) COLLATE utf8_unicode_ci NOT NULL,
  `port` smallint(11) unsigned NOT NULL,
  `timeout` tinyint(3) unsigned NOT NULL,
  PRIMARY KEY (`id`),
  UNIQUE KEY `name` (`name`)
) ENGINE=InnoDB AUTO_INCREMENT=4 DEFAULT CHARSET=utf8 COLLATE=utf8_unicode_ci;
/*!40101 SET character_set_client = @saved_cs_client */;

--
-- Dumping data for table `1_printers`
--

LOCK TABLES `1_printers` WRITE;
/*!40000 ALTER TABLE `1_printers` DISABLE KEYS */;
INSERT INTO `1_printers` VALUES (1,'QL500','Label printer','QL500','server',127,20),(2,'Samsung','Main network printer','scx4521F','server',515,5),(3,'Local','Local print server at user IP','lp','',515,10);
/*!40000 ALTER TABLE `1_printers` ENABLE KEYS */;
UNLOCK TABLES;

--
-- Table structure for table `1_purch_data`
--

DROP TABLE IF EXISTS `1_purch_data`;
/*!40101 SET @saved_cs_client     = @@character_set_client */;
/*!40101 SET character_set_client = utf8 */;
CREATE TABLE `1_purch_data` (
  `supplier_id` int(11) NOT NULL DEFAULT '0',
  `stock_id` char(20) COLLATE utf8_unicode_ci NOT NULL DEFAULT '',
  `price` double NOT NULL DEFAULT '0',
  `suppliers_uom` char(50) COLLATE utf8_unicode_ci NOT NULL DEFAULT '',
  `conversion_factor` double NOT NULL DEFAULT '1',
  `supplier_description` char(50) COLLATE utf8_unicode_ci NOT NULL DEFAULT '',
  PRIMARY KEY (`supplier_id`,`stock_id`)
) ENGINE=InnoDB DEFAULT CHARSET=utf8 COLLATE=utf8_unicode_ci;
/*!40101 SET character_set_client = @saved_cs_client */;

--
-- Dumping data for table `1_purch_data`
--

LOCK TABLES `1_purch_data` WRITE;
/*!40000 ALTER TABLE `1_purch_data` DISABLE KEYS */;
/*!40000 ALTER TABLE `1_purch_data` ENABLE KEYS */;
UNLOCK TABLES;

--
-- Table structure for table `1_purch_order_details`
--

DROP TABLE IF EXISTS `1_purch_order_details`;
/*!40101 SET @saved_cs_client     = @@character_set_client */;
/*!40101 SET character_set_client = utf8 */;
CREATE TABLE `1_purch_order_details` (
  `po_detail_item` int(11) NOT NULL AUTO_INCREMENT,
  `order_no` int(11) NOT NULL DEFAULT '0',
  `item_code` varchar(20) COLLATE utf8_unicode_ci NOT NULL DEFAULT '',
  `description` tinytext COLLATE utf8_unicode_ci,
  `delivery_date` date NOT NULL DEFAULT '0000-00-00',
  `qty_invoiced` double NOT NULL DEFAULT '0',
  `unit_price` double NOT NULL DEFAULT '0',
  `act_price` double NOT NULL DEFAULT '0',
  `std_cost_unit` double NOT NULL DEFAULT '0',
  `quantity_ordered` double NOT NULL DEFAULT '0',
  `quantity_received` double NOT NULL DEFAULT '0',
  PRIMARY KEY (`po_detail_item`),
  KEY `order` (`order_no`,`po_detail_item`),
  KEY `itemcode` (`item_code`)
) ENGINE=InnoDB DEFAULT CHARSET=utf8 COLLATE=utf8_unicode_ci;
/*!40101 SET character_set_client = @saved_cs_client */;

--
-- Dumping data for table `1_purch_order_details`
--

LOCK TABLES `1_purch_order_details` WRITE;
/*!40000 ALTER TABLE `1_purch_order_details` DISABLE KEYS */;
/*!40000 ALTER TABLE `1_purch_order_details` ENABLE KEYS */;
UNLOCK TABLES;

--
-- Table structure for table `1_purch_orders`
--

DROP TABLE IF EXISTS `1_purch_orders`;
/*!40101 SET @saved_cs_client     = @@character_set_client */;
/*!40101 SET character_set_client = utf8 */;
CREATE TABLE `1_purch_orders` (
  `order_no` int(11) NOT NULL AUTO_INCREMENT,
  `supplier_id` int(11) NOT NULL DEFAULT '0',
  `comments` tinytext COLLATE utf8_unicode_ci,
  `ord_date` date NOT NULL DEFAULT '0000-00-00',
  `reference` tinytext COLLATE utf8_unicode_ci NOT NULL,
  `requisition_no` tinytext COLLATE utf8_unicode_ci,
  `into_stock_location` varchar(5) COLLATE utf8_unicode_ci NOT NULL DEFAULT '',
  `delivery_address` tinytext COLLATE utf8_unicode_ci NOT NULL,
  `total` double NOT NULL DEFAULT '0',
  `prep_amount` double NOT NULL DEFAULT '0',
  `alloc` double NOT NULL DEFAULT '0',
  `tax_included` tinyint(1) NOT NULL DEFAULT '0',
  PRIMARY KEY (`order_no`),
  KEY `ord_date` (`ord_date`)
) ENGINE=InnoDB DEFAULT CHARSET=utf8 COLLATE=utf8_unicode_ci;
/*!40101 SET character_set_client = @saved_cs_client */;

--
-- Dumping data for table `1_purch_orders`
--

LOCK TABLES `1_purch_orders` WRITE;
/*!40000 ALTER TABLE `1_purch_orders` DISABLE KEYS */;
/*!40000 ALTER TABLE `1_purch_orders` ENABLE KEYS */;
UNLOCK TABLES;

--
-- Table structure for table `1_quick_entries`
--

DROP TABLE IF EXISTS `1_quick_entries`;
/*!40101 SET @saved_cs_client     = @@character_set_client */;
/*!40101 SET character_set_client = utf8 */;
CREATE TABLE `1_quick_entries` (
  `id` smallint(6) unsigned NOT NULL AUTO_INCREMENT,
  `type` tinyint(1) NOT NULL DEFAULT '0',
  `description` varchar(60) COLLATE utf8_unicode_ci NOT NULL,
  `usage` varchar(120) COLLATE utf8_unicode_ci DEFAULT NULL,
  `base_amount` double NOT NULL DEFAULT '0',
  `base_desc` varchar(60) COLLATE utf8_unicode_ci DEFAULT NULL,
  `bal_type` tinyint(1) NOT NULL DEFAULT '0',
  PRIMARY KEY (`id`),
  KEY `description` (`description`)
) ENGINE=InnoDB AUTO_INCREMENT=4 DEFAULT CHARSET=utf8 COLLATE=utf8_unicode_ci;
/*!40101 SET character_set_client = @saved_cs_client */;

--
-- Dumping data for table `1_quick_entries`
--

LOCK TABLES `1_quick_entries` WRITE;
/*!40000 ALTER TABLE `1_quick_entries` DISABLE KEYS */;
INSERT INTO `1_quick_entries` VALUES (1,1,'Maintenance',NULL,0,'Amount',0),(2,4,'Phone',NULL,0,'Amount',0),(3,2,'Cash Sales','Retail sales without invoice',0,'Amount',0);
/*!40000 ALTER TABLE `1_quick_entries` ENABLE KEYS */;
UNLOCK TABLES;

--
-- Table structure for table `1_quick_entry_lines`
--

DROP TABLE IF EXISTS `1_quick_entry_lines`;
/*!40101 SET @saved_cs_client     = @@character_set_client */;
/*!40101 SET character_set_client = utf8 */;
CREATE TABLE `1_quick_entry_lines` (
  `id` smallint(6) unsigned NOT NULL AUTO_INCREMENT,
  `qid` smallint(6) unsigned NOT NULL,
  `amount` double DEFAULT '0',
  `memo` tinytext COLLATE utf8_unicode_ci NOT NULL,
  `action` varchar(2) COLLATE utf8_unicode_ci NOT NULL,
  `dest_id` varchar(15) COLLATE utf8_unicode_ci NOT NULL DEFAULT '',
  `dimension_id` smallint(6) unsigned DEFAULT NULL,
  `dimension2_id` smallint(6) unsigned DEFAULT NULL,
  PRIMARY KEY (`id`),
  KEY `qid` (`qid`)
) ENGINE=InnoDB AUTO_INCREMENT=7 DEFAULT CHARSET=utf8 COLLATE=utf8_unicode_ci;
/*!40101 SET character_set_client = @saved_cs_client */;

--
-- Dumping data for table `1_quick_entry_lines`
--

LOCK TABLES `1_quick_entry_lines` WRITE;
/*!40000 ALTER TABLE `1_quick_entry_lines` DISABLE KEYS */;
INSERT INTO `1_quick_entry_lines` VALUES (1,1,0,'','t-','1',0,0),(2,2,0,'','t-','1',0,0),(3,3,0,'','t-','1',0,0),(4,3,0,'','=','4010',0,0),(5,1,0,'','=','5765',0,0),(6,2,0,'','=','5780',0,0);
/*!40000 ALTER TABLE `1_quick_entry_lines` ENABLE KEYS */;
UNLOCK TABLES;

--
-- Table structure for table `1_recurrent_invoices`
--

DROP TABLE IF EXISTS `1_recurrent_invoices`;
/*!40101 SET @saved_cs_client     = @@character_set_client */;
/*!40101 SET character_set_client = utf8 */;
CREATE TABLE `1_recurrent_invoices` (
  `id` smallint(6) unsigned NOT NULL AUTO_INCREMENT,
  `description` varchar(60) COLLATE utf8_unicode_ci NOT NULL DEFAULT '',
  `order_no` int(11) unsigned NOT NULL,
  `debtor_no` int(11) unsigned DEFAULT NULL,
  `group_no` smallint(6) unsigned DEFAULT NULL,
  `days` int(11) NOT NULL DEFAULT '0',
  `monthly` int(11) NOT NULL DEFAULT '0',
  `begin` date NOT NULL DEFAULT '0000-00-00',
  `end` date NOT NULL DEFAULT '0000-00-00',
  `last_sent` date NOT NULL DEFAULT '0000-00-00',
  PRIMARY KEY (`id`),
  UNIQUE KEY `description` (`description`)
) ENGINE=InnoDB DEFAULT CHARSET=utf8 COLLATE=utf8_unicode_ci;
/*!40101 SET character_set_client = @saved_cs_client */;

--
-- Dumping data for table `1_recurrent_invoices`
--

LOCK TABLES `1_recurrent_invoices` WRITE;
/*!40000 ALTER TABLE `1_recurrent_invoices` DISABLE KEYS */;
/*!40000 ALTER TABLE `1_recurrent_invoices` ENABLE KEYS */;
UNLOCK TABLES;

--
-- Table structure for table `1_reflines`
--

DROP TABLE IF EXISTS `1_reflines`;
/*!40101 SET @saved_cs_client     = @@character_set_client */;
/*!40101 SET character_set_client = utf8 */;
CREATE TABLE `1_reflines` (
  `id` int(11) NOT NULL AUTO_INCREMENT,
  `trans_type` int(11) NOT NULL,
  `prefix` char(5) COLLATE utf8_unicode_ci NOT NULL DEFAULT '',
  `pattern` varchar(35) COLLATE utf8_unicode_ci NOT NULL DEFAULT '1',
  `description` varchar(60) COLLATE utf8_unicode_ci NOT NULL DEFAULT '',
  `default` tinyint(1) NOT NULL DEFAULT '0',
  `inactive` tinyint(1) NOT NULL DEFAULT '0',
  PRIMARY KEY (`id`),
  UNIQUE KEY `prefix` (`trans_type`,`prefix`)
) ENGINE=InnoDB AUTO_INCREMENT=23 DEFAULT CHARSET=utf8 COLLATE=utf8_unicode_ci;
/*!40101 SET character_set_client = @saved_cs_client */;

--
-- Dumping data for table `1_reflines`
--

LOCK TABLES `1_reflines` WRITE;
/*!40000 ALTER TABLE `1_reflines` DISABLE KEYS */;
INSERT INTO `1_reflines` VALUES (1,0,'','{001}/{YYYY}','',1,0),(2,1,'','{001}/{YYYY}','',1,0),(3,2,'','{001}/{YYYY}','',1,0),(4,4,'','{001}/{YYYY}','',1,0),(5,10,'INV','{001}/{YYYY}','',1,0),(6,11,'','{001}/{YYYY}','',1,0),(7,12,'','{001}/{YYYY}','',1,0),(8,13,'','{001}/{YYYY}','',1,0),(9,16,'','{001}/{YYYY}','',1,0),(10,17,'','{001}/{YYYY}','',1,0),(11,18,'','{001}/{YYYY}','',1,0),(12,20,'','{001}/{YYYY}','',1,0),(13,21,'','{001}/{YYYY}','',1,0),(14,22,'','{001}/{YYYY}','',1,0),(15,25,'','{001}/{YYYY}','',1,0),(16,26,'','{001}/{YYYY}','',1,0),(17,28,'','{001}/{YYYY}','',1,0),(18,29,'','{001}/{YYYY}','',1,0),(19,30,'','{001}/{YYYY}','',1,0),(20,32,'','{001}/{YYYY}','',1,0),(21,35,'','{001}/{YYYY}','',1,0),(22,40,'','{001}/{YYYY}','',1,0);
/*!40000 ALTER TABLE `1_reflines` ENABLE KEYS */;
UNLOCK TABLES;

--
-- Table structure for table `1_refs`
--

DROP TABLE IF EXISTS `1_refs`;
/*!40101 SET @saved_cs_client     = @@character_set_client */;
/*!40101 SET character_set_client = utf8 */;
CREATE TABLE `1_refs` (
  `id` int(11) NOT NULL DEFAULT '0',
  `type` int(11) NOT NULL DEFAULT '0',
  `reference` varchar(100) COLLATE utf8_unicode_ci NOT NULL DEFAULT '',
  PRIMARY KEY (`id`,`type`),
  KEY `Type_and_Reference` (`type`,`reference`)
) ENGINE=InnoDB DEFAULT CHARSET=utf8 COLLATE=utf8_unicode_ci;
/*!40101 SET character_set_client = @saved_cs_client */;

--
-- Dumping data for table `1_refs`
--

LOCK TABLES `1_refs` WRITE;
/*!40000 ALTER TABLE `1_refs` DISABLE KEYS */;
INSERT INTO `1_refs` VALUES (1,10,'INV001/2021'),(2,10,'INV002/2021'),(3,10,'INV003/2021'),(4,10,'INV004/2021'),(5,10,'INV005/2021'),(6,10,'INV006/2021'),(1,12,'001/2021'),(2,12,'002/2021'),(3,12,'003/2021'),(4,12,'004/2021'),(5,12,'005/2021'),(6,12,'006/2021'),(6,13,'001/2021'),(1,17,'001/2021'),(3,30,'001/2021');
/*!40000 ALTER TABLE `1_refs` ENABLE KEYS */;
UNLOCK TABLES;

--
-- Table structure for table `1_sales_order_details`
--

DROP TABLE IF EXISTS `1_sales_order_details`;
/*!40101 SET @saved_cs_client     = @@character_set_client */;
/*!40101 SET character_set_client = utf8 */;
CREATE TABLE `1_sales_order_details` (
  `id` int(11) NOT NULL AUTO_INCREMENT,
  `order_no` int(11) NOT NULL DEFAULT '0',
  `trans_type` smallint(6) NOT NULL DEFAULT '30',
  `stk_code` varchar(20) COLLATE utf8_unicode_ci NOT NULL DEFAULT '',
  `description` tinytext COLLATE utf8_unicode_ci,
  `qty_sent` double NOT NULL DEFAULT '0',
  `unit_price` double NOT NULL DEFAULT '0',
  `quantity` double NOT NULL DEFAULT '0',
  `invoiced` double NOT NULL DEFAULT '0',
  `discount_percent` double NOT NULL DEFAULT '0',
  PRIMARY KEY (`id`),
  KEY `sorder` (`trans_type`,`order_no`),
  KEY `stkcode` (`stk_code`)
) ENGINE=InnoDB AUTO_INCREMENT=9 DEFAULT CHARSET=utf8 COLLATE=utf8_unicode_ci;
/*!40101 SET character_set_client = @saved_cs_client */;

--
-- Dumping data for table `1_sales_order_details`
--

LOCK TABLES `1_sales_order_details` WRITE;
/*!40000 ALTER TABLE `1_sales_order_details` DISABLE KEYS */;
INSERT INTO `1_sales_order_details` VALUES (1,1,30,'TEST','TEST',1,110,1,0,0),(2,2,30,'TEST','TEST',1,1110,1,0,0),(3,3,30,'TEST','TEST',0,1110,1,0,0),(4,4,30,'TEST','TEST',2,200,2,0,0),(5,5,30,'TEST','TEST',3,150,3,0,0.1),(6,6,30,'TEST','TEST',1,100,1,0,0),(7,7,30,'TEST','TEST',2,100,2,0,0),(8,8,30,'TEST','TEST',2,200,2,0,0);
/*!40000 ALTER TABLE `1_sales_order_details` ENABLE KEYS */;
UNLOCK TABLES;

--
-- Table structure for table `1_sales_orders`
--

DROP TABLE IF EXISTS `1_sales_orders`;
/*!40101 SET @saved_cs_client     = @@character_set_client */;
/*!40101 SET character_set_client = utf8 */;
CREATE TABLE `1_sales_orders` (
  `order_no` int(11) NOT NULL,
  `trans_type` smallint(6) NOT NULL DEFAULT '30',
  `version` tinyint(1) unsigned NOT NULL DEFAULT '0',
  `type` tinyint(1) NOT NULL DEFAULT '0',
  `debtor_no` int(11) NOT NULL DEFAULT '0',
  `branch_code` int(11) NOT NULL DEFAULT '0',
  `reference` varchar(100) COLLATE utf8_unicode_ci NOT NULL DEFAULT '',
  `customer_ref` tinytext COLLATE utf8_unicode_ci NOT NULL,
  `comments` tinytext COLLATE utf8_unicode_ci,
  `ord_date` date NOT NULL DEFAULT '0000-00-00',
  `order_type` int(11) NOT NULL DEFAULT '0',
  `ship_via` int(11) NOT NULL DEFAULT '0',
  `delivery_address` tinytext COLLATE utf8_unicode_ci NOT NULL,
  `contact_phone` varchar(30) COLLATE utf8_unicode_ci DEFAULT NULL,
  `contact_email` varchar(100) COLLATE utf8_unicode_ci DEFAULT NULL,
  `deliver_to` tinytext COLLATE utf8_unicode_ci NOT NULL,
  `freight_cost` double NOT NULL DEFAULT '0',
  `from_stk_loc` varchar(5) COLLATE utf8_unicode_ci NOT NULL DEFAULT '',
  `delivery_date` date NOT NULL DEFAULT '0000-00-00',
  `payment_terms` int(11) DEFAULT NULL,
  `total` double NOT NULL DEFAULT '0',
  `prep_amount` double NOT NULL DEFAULT '0',
  `alloc` double NOT NULL DEFAULT '0',
  PRIMARY KEY (`trans_type`,`order_no`)
) ENGINE=InnoDB DEFAULT CHARSET=utf8 COLLATE=utf8_unicode_ci;
/*!40101 SET character_set_client = @saved_cs_client */;

--
-- Dumping data for table `1_sales_orders`
--

LOCK TABLES `1_sales_orders` WRITE;
/*!40000 ALTER TABLE `1_sales_orders` DISABLE KEYS */;
INSERT INTO `1_sales_orders` VALUES (1,30,1,0,1,1,'auto','','','2021-04-05',1,1,'DEMO','',NULL,'DEMO',0,'DEF','2021-04-05',4,110,0,0),(2,30,1,0,1,1,'auto','','','2021-04-05',1,1,'DEMO','',NULL,'DEMO',0,'DEF','2021-04-05',4,1110,0,0),(3,30,0,0,1,1,'001/2021','','','2021-04-05',1,1,'DEMO','',NULL,'DEMO',0,'DEF','2021-04-06',4,1110,0,0),(4,30,1,0,1,1,'auto','','','2021-04-05',1,1,'DEMO','',NULL,'DEMO',0,'DEF','2021-04-05',4,400,0,0),(5,30,1,0,1,1,'auto','','','2021-04-05',1,1,'DEMO','',NULL,'DEMO',0,'DEF','2021-04-05',4,405,0,0),(6,30,1,0,1,1,'auto','','','2021-04-05',1,1,'DEMO','',NULL,'DEMO',0,'DEF','2021-04-05',4,100,0,0),(7,30,1,0,1,1,'auto','','','2021-04-06',1,1,'DEMO','',NULL,'DEMO',0,'DEF','2021-04-06',4,200,0,0),(8,30,1,0,1,1,'auto','','','2021-04-06',1,1,'DEMO','',NULL,'DEMO',0,'DEF','2021-04-06',4,400,0,0);
/*!40000 ALTER TABLE `1_sales_orders` ENABLE KEYS */;
UNLOCK TABLES;

--
-- Table structure for table `1_sales_pos`
--

DROP TABLE IF EXISTS `1_sales_pos`;
/*!40101 SET @saved_cs_client     = @@character_set_client */;
/*!40101 SET character_set_client = utf8 */;
CREATE TABLE `1_sales_pos` (
  `id` smallint(6) unsigned NOT NULL AUTO_INCREMENT,
  `pos_name` varchar(30) COLLATE utf8_unicode_ci NOT NULL,
  `cash_sale` tinyint(1) NOT NULL,
  `credit_sale` tinyint(1) NOT NULL,
  `pos_location` varchar(5) COLLATE utf8_unicode_ci NOT NULL,
  `pos_account` smallint(6) unsigned NOT NULL,
  `inactive` tinyint(1) NOT NULL DEFAULT '0',
  PRIMARY KEY (`id`),
  UNIQUE KEY `pos_name` (`pos_name`)
) ENGINE=InnoDB AUTO_INCREMENT=2 DEFAULT CHARSET=utf8 COLLATE=utf8_unicode_ci;
/*!40101 SET character_set_client = @saved_cs_client */;

--
-- Dumping data for table `1_sales_pos`
--

LOCK TABLES `1_sales_pos` WRITE;
/*!40000 ALTER TABLE `1_sales_pos` DISABLE KEYS */;
INSERT INTO `1_sales_pos` VALUES (1,'Default',1,1,'DEF',2,0);
/*!40000 ALTER TABLE `1_sales_pos` ENABLE KEYS */;
UNLOCK TABLES;

--
-- Table structure for table `1_sales_types`
--

DROP TABLE IF EXISTS `1_sales_types`;
/*!40101 SET @saved_cs_client     = @@character_set_client */;
/*!40101 SET character_set_client = utf8 */;
CREATE TABLE `1_sales_types` (
  `id` int(11) NOT NULL AUTO_INCREMENT,
  `sales_type` char(50) COLLATE utf8_unicode_ci NOT NULL DEFAULT '',
  `tax_included` int(1) NOT NULL DEFAULT '0',
  `factor` double NOT NULL DEFAULT '1',
  `inactive` tinyint(1) NOT NULL DEFAULT '0',
  PRIMARY KEY (`id`),
  UNIQUE KEY `sales_type` (`sales_type`)
) ENGINE=InnoDB AUTO_INCREMENT=3 DEFAULT CHARSET=utf8 COLLATE=utf8_unicode_ci;
/*!40101 SET character_set_client = @saved_cs_client */;

--
-- Dumping data for table `1_sales_types`
--

LOCK TABLES `1_sales_types` WRITE;
/*!40000 ALTER TABLE `1_sales_types` DISABLE KEYS */;
INSERT INTO `1_sales_types` VALUES (1,'Retail',1,1,0),(2,'Wholesale',0,0.7,0);
/*!40000 ALTER TABLE `1_sales_types` ENABLE KEYS */;
UNLOCK TABLES;

--
-- Table structure for table `1_salesman`
--

DROP TABLE IF EXISTS `1_salesman`;
/*!40101 SET @saved_cs_client     = @@character_set_client */;
/*!40101 SET character_set_client = utf8 */;
CREATE TABLE `1_salesman` (
  `salesman_code` int(11) NOT NULL AUTO_INCREMENT,
  `salesman_name` char(60) COLLATE utf8_unicode_ci NOT NULL DEFAULT '',
  `salesman_phone` char(30) COLLATE utf8_unicode_ci NOT NULL DEFAULT '',
  `salesman_fax` char(30) COLLATE utf8_unicode_ci NOT NULL DEFAULT '',
  `salesman_email` varchar(100) COLLATE utf8_unicode_ci NOT NULL DEFAULT '',
  `provision` double NOT NULL DEFAULT '0',
  `break_pt` double NOT NULL DEFAULT '0',
  `provision2` double NOT NULL DEFAULT '0',
  `inactive` tinyint(1) NOT NULL DEFAULT '0',
  PRIMARY KEY (`salesman_code`),
  UNIQUE KEY `salesman_name` (`salesman_name`)
) ENGINE=InnoDB AUTO_INCREMENT=2 DEFAULT CHARSET=utf8 COLLATE=utf8_unicode_ci;
/*!40101 SET character_set_client = @saved_cs_client */;

--
-- Dumping data for table `1_salesman`
--

LOCK TABLES `1_salesman` WRITE;
/*!40000 ALTER TABLE `1_salesman` DISABLE KEYS */;
INSERT INTO `1_salesman` VALUES (1,'Sales Person','','','',5,1000,4,0);
/*!40000 ALTER TABLE `1_salesman` ENABLE KEYS */;
UNLOCK TABLES;

--
-- Table structure for table `1_security_roles`
--

DROP TABLE IF EXISTS `1_security_roles`;
/*!40101 SET @saved_cs_client     = @@character_set_client */;
/*!40101 SET character_set_client = utf8 */;
CREATE TABLE `1_security_roles` (
  `id` int(11) NOT NULL AUTO_INCREMENT,
  `role` varchar(30) COLLATE utf8_unicode_ci NOT NULL,
  `description` varchar(50) COLLATE utf8_unicode_ci DEFAULT NULL,
  `sections` text COLLATE utf8_unicode_ci,
  `areas` text COLLATE utf8_unicode_ci,
  `inactive` tinyint(1) NOT NULL DEFAULT '0',
  PRIMARY KEY (`id`),
  UNIQUE KEY `role` (`role`)
) ENGINE=InnoDB AUTO_INCREMENT=11 DEFAULT CHARSET=utf8 COLLATE=utf8_unicode_ci;
/*!40101 SET character_set_client = @saved_cs_client */;

--
-- Dumping data for table `1_security_roles`
--

LOCK TABLES `1_security_roles` WRITE;
/*!40000 ALTER TABLE `1_security_roles` DISABLE KEYS */;
INSERT INTO `1_security_roles` VALUES (1,'Inquiries','Inquiries','768;2816;3072;3328;5632;5888;8192;8448;10752;11008;13312;15872;16128','257;258;259;260;513;514;515;516;517;518;519;520;521;522;523;524;525;773;774;2822;3073;3075;3076;3077;3329;3330;3331;3332;3333;3334;3335;5377;5633;5640;5889;5890;5891;7937;7938;7939;7940;8193;8194;8450;8451;10497;10753;11009;11010;11012;13313;13315;15617;15618;15619;15620;15621;15622;15623;15624;15625;15626;15873;15882;16129;16130;16131;16132;775',0),(2,'System Administrator','System Administrator','256;512;768;2816;3072;3328;5376;5632;5888;7936;8192;8448;9472;9728;10496;10752;11008;13056;13312;15616;15872;16128','257;258;259;260;513;514;515;516;517;518;519;520;521;522;523;524;525;526;769;770;771;772;773;774;2817;2818;2819;2820;2821;2822;2823;3073;3074;3082;3075;3076;3077;3078;3079;3080;3081;3329;3330;3331;3332;3333;3334;3335;5377;5633;5634;5635;5636;5637;5641;5638;5639;5640;5889;5890;5891;7937;7938;7939;7940;8193;8194;8195;8196;8197;8449;8450;8451;9217;9218;9220;9473;9474;9475;9476;9729;10497;10753;10754;10755;10756;10757;11009;11010;11011;11012;13057;13313;13314;13315;15617;15618;15619;15620;15621;15622;15623;15624;15628;15625;15626;15627;15873;15874;15875;15876;15877;15878;15879;15880;15883;15881;15882;16129;16130;16131;16132;775',0),(3,'Salesman','Salesman','768;3072;5632;8192;15872','773;774;3073;3075;3081;5633;8194;15873;775',0),(4,'Stock Manager','Stock Manager','768;2816;3072;3328;5632;5888;8192;8448;10752;11008;13312;15872;16128','2818;2822;3073;3076;3077;3329;3330;3330;3330;3331;3331;3332;3333;3334;3335;5633;5640;5889;5890;5891;8193;8194;8450;8451;10753;11009;11010;11012;13313;13315;15882;16129;16130;16131;16132;775',0),(5,'Production Manager','Production Manager','512;768;2816;3072;3328;5632;5888;8192;8448;10752;11008;13312;15616;15872;16128','521;523;524;2818;2819;2820;2821;2822;2823;3073;3074;3076;3077;3078;3079;3080;3081;3329;3330;3330;3330;3331;3331;3332;3333;3334;3335;5633;5640;5640;5889;5890;5891;8193;8194;8196;8197;8450;8451;10753;10755;11009;11010;11012;13313;13315;15617;15619;15620;15621;15624;15624;15876;15877;15880;15882;16129;16130;16131;16132;775',0),(6,'Purchase Officer','Purchase Officer','512;768;2816;3072;3328;5376;5632;5888;8192;8448;10752;11008;13312;15616;15872;16128','521;523;524;2818;2819;2820;2821;2822;2823;3073;3074;3076;3077;3078;3079;3080;3081;3329;3330;3330;3330;3331;3331;3332;3333;3334;3335;5377;5633;5635;5640;5640;5889;5890;5891;8193;8194;8196;8197;8449;8450;8451;10753;10755;11009;11010;11012;13313;13315;15617;15619;15620;15621;15624;15624;15876;15877;15880;15882;16129;16130;16131;16132;775',0),(7,'AR Officer','AR Officer','512;768;2816;3072;3328;5632;5888;8192;8448;10752;11008;13312;15616;15872;16128','521;523;524;771;773;774;2818;2819;2820;2821;2822;2823;3073;3073;3074;3075;3076;3077;3078;3079;3080;3081;3081;3329;3330;3330;3330;3331;3331;3332;3333;3334;3335;5633;5633;5634;5637;5638;5639;5640;5640;5889;5890;5891;8193;8194;8194;8196;8197;8450;8451;10753;10755;11009;11010;11012;13313;13315;15617;15619;15620;15621;15624;15624;15873;15876;15877;15878;15880;15882;16129;16130;16131;16132;775',0),(8,'AP Officer','AP Officer','512;768;2816;3072;3328;5376;5632;5888;8192;8448;10752;11008;13312;15616;15872;16128','257;258;259;260;521;523;524;769;770;771;772;773;774;2818;2819;2820;2821;2822;2823;3073;3074;3082;3076;3077;3078;3079;3080;3081;3329;3330;3331;3332;3333;3334;3335;5377;5633;5635;5640;5889;5890;5891;7937;7938;7939;7940;8193;8194;8196;8197;8449;8450;8451;10497;10753;10755;11009;11010;11012;13057;13313;13315;15617;15619;15620;15621;15624;15876;15877;15880;15882;16129;16130;16131;16132;775',0),(9,'Accountant','New Accountant','512;768;2816;3072;3328;5376;5632;5888;8192;8448;10752;11008;13312;15616;15872;16128','257;258;259;260;521;523;524;771;772;773;774;2818;2819;2820;2821;2822;2823;3073;3074;3075;3076;3077;3078;3079;3080;3081;3329;3330;3331;3332;3333;3334;3335;5377;5633;5634;5635;5637;5638;5639;5640;5889;5890;5891;7937;7938;7939;7940;8193;8194;8196;8197;8449;8450;8451;10497;10753;10755;11009;11010;11012;13313;13315;15617;15618;15619;15620;15621;15624;15873;15876;15877;15878;15880;15882;16129;16130;16131;16132;775',0),(10,'Sub Admin','Sub Admin','512;768;2816;3072;3328;5376;5632;5888;8192;8448;10752;11008;13312;15616;15872;16128','257;258;259;260;521;523;524;771;772;773;774;2818;2819;2820;2821;2822;2823;3073;3074;3082;3075;3076;3077;3078;3079;3080;3081;3329;3330;3331;3332;3333;3334;3335;5377;5633;5634;5635;5637;5638;5639;5640;5889;5890;5891;7937;7938;7939;7940;8193;8194;8196;8197;8449;8450;8451;10497;10753;10755;11009;11010;11012;13057;13313;13315;15617;15619;15620;15621;15624;15873;15874;15876;15877;15878;15879;15880;15882;16129;16130;16131;16132;775',0);
/*!40000 ALTER TABLE `1_security_roles` ENABLE KEYS */;
UNLOCK TABLES;

--
-- Table structure for table `1_shippers`
--

DROP TABLE IF EXISTS `1_shippers`;
/*!40101 SET @saved_cs_client     = @@character_set_client */;
/*!40101 SET character_set_client = utf8 */;
CREATE TABLE `1_shippers` (
  `shipper_id` int(11) NOT NULL AUTO_INCREMENT,
  `shipper_name` varchar(60) COLLATE utf8_unicode_ci NOT NULL DEFAULT '',
  `phone` varchar(30) COLLATE utf8_unicode_ci NOT NULL DEFAULT '',
  `phone2` varchar(30) COLLATE utf8_unicode_ci NOT NULL DEFAULT '',
  `contact` tinytext COLLATE utf8_unicode_ci NOT NULL,
  `address` tinytext COLLATE utf8_unicode_ci NOT NULL,
  `inactive` tinyint(1) NOT NULL DEFAULT '0',
  PRIMARY KEY (`shipper_id`),
  UNIQUE KEY `name` (`shipper_name`)
) ENGINE=InnoDB AUTO_INCREMENT=2 DEFAULT CHARSET=utf8 COLLATE=utf8_unicode_ci;
/*!40101 SET character_set_client = @saved_cs_client */;

--
-- Dumping data for table `1_shippers`
--

LOCK TABLES `1_shippers` WRITE;
/*!40000 ALTER TABLE `1_shippers` DISABLE KEYS */;
INSERT INTO `1_shippers` VALUES (1,'Default','','','','',0);
/*!40000 ALTER TABLE `1_shippers` ENABLE KEYS */;
UNLOCK TABLES;

--
-- Table structure for table `1_sql_trail`
--

DROP TABLE IF EXISTS `1_sql_trail`;
/*!40101 SET @saved_cs_client     = @@character_set_client */;
/*!40101 SET character_set_client = utf8 */;
CREATE TABLE `1_sql_trail` (
  `id` int(11) unsigned NOT NULL AUTO_INCREMENT,
  `sql` text COLLATE utf8_unicode_ci NOT NULL,
  `result` tinyint(1) NOT NULL,
  `msg` varchar(255) COLLATE utf8_unicode_ci NOT NULL,
  PRIMARY KEY (`id`)
) ENGINE=InnoDB DEFAULT CHARSET=utf8 COLLATE=utf8_unicode_ci;
/*!40101 SET character_set_client = @saved_cs_client */;

--
-- Dumping data for table `1_sql_trail`
--

LOCK TABLES `1_sql_trail` WRITE;
/*!40000 ALTER TABLE `1_sql_trail` DISABLE KEYS */;
/*!40000 ALTER TABLE `1_sql_trail` ENABLE KEYS */;
UNLOCK TABLES;

--
-- Table structure for table `1_stock_category`
--

DROP TABLE IF EXISTS `1_stock_category`;
/*!40101 SET @saved_cs_client     = @@character_set_client */;
/*!40101 SET character_set_client = utf8 */;
CREATE TABLE `1_stock_category` (
  `category_id` int(11) NOT NULL AUTO_INCREMENT,
  `description` varchar(60) COLLATE utf8_unicode_ci NOT NULL DEFAULT '',
  `dflt_tax_type` int(11) NOT NULL DEFAULT '1',
  `dflt_units` varchar(20) COLLATE utf8_unicode_ci NOT NULL DEFAULT 'each',
  `dflt_mb_flag` char(1) COLLATE utf8_unicode_ci NOT NULL DEFAULT 'B',
  `dflt_sales_act` varchar(15) COLLATE utf8_unicode_ci NOT NULL DEFAULT '',
  `dflt_cogs_act` varchar(15) COLLATE utf8_unicode_ci NOT NULL DEFAULT '',
  `dflt_inventory_act` varchar(15) COLLATE utf8_unicode_ci NOT NULL DEFAULT '',
  `dflt_adjustment_act` varchar(15) COLLATE utf8_unicode_ci NOT NULL DEFAULT '',
  `dflt_wip_act` varchar(15) COLLATE utf8_unicode_ci NOT NULL DEFAULT '',
  `dflt_dim1` int(11) DEFAULT NULL,
  `dflt_dim2` int(11) DEFAULT NULL,
  `inactive` tinyint(1) NOT NULL DEFAULT '0',
  `dflt_no_sale` tinyint(1) NOT NULL DEFAULT '0',
  `dflt_no_purchase` tinyint(1) NOT NULL DEFAULT '0',
  PRIMARY KEY (`category_id`),
  UNIQUE KEY `description` (`description`)
) ENGINE=InnoDB AUTO_INCREMENT=5 DEFAULT CHARSET=utf8 COLLATE=utf8_unicode_ci;
/*!40101 SET character_set_client = @saved_cs_client */;

--
-- Dumping data for table `1_stock_category`
--

LOCK TABLES `1_stock_category` WRITE;
/*!40000 ALTER TABLE `1_stock_category` DISABLE KEYS */;
INSERT INTO `1_stock_category` VALUES (1,'Components',1,'each','B','4010','5010','1510','5040','1530',0,0,0,0,0),(2,'Charges',1,'each','D','4010','5010','1510','5040','1530',0,0,0,0,0),(3,'Systems',1,'each','M','4010','5010','1510','5040','1530',0,0,0,0,0),(4,'Services',1,'hr','D','4010','5010','1510','5040','1530',0,0,0,0,0);
/*!40000 ALTER TABLE `1_stock_category` ENABLE KEYS */;
UNLOCK TABLES;

--
-- Table structure for table `1_stock_fa_class`
--

DROP TABLE IF EXISTS `1_stock_fa_class`;
/*!40101 SET @saved_cs_client     = @@character_set_client */;
/*!40101 SET character_set_client = utf8 */;
CREATE TABLE `1_stock_fa_class` (
  `fa_class_id` varchar(20) COLLATE utf8_unicode_ci NOT NULL DEFAULT '',
  `parent_id` varchar(20) COLLATE utf8_unicode_ci NOT NULL DEFAULT '',
  `description` varchar(200) COLLATE utf8_unicode_ci NOT NULL DEFAULT '',
  `long_description` tinytext COLLATE utf8_unicode_ci NOT NULL,
  `depreciation_rate` double NOT NULL DEFAULT '0',
  `inactive` tinyint(1) NOT NULL DEFAULT '0',
  PRIMARY KEY (`fa_class_id`)
) ENGINE=InnoDB DEFAULT CHARSET=utf8 COLLATE=utf8_unicode_ci;
/*!40101 SET character_set_client = @saved_cs_client */;

--
-- Dumping data for table `1_stock_fa_class`
--

LOCK TABLES `1_stock_fa_class` WRITE;
/*!40000 ALTER TABLE `1_stock_fa_class` DISABLE KEYS */;
/*!40000 ALTER TABLE `1_stock_fa_class` ENABLE KEYS */;
UNLOCK TABLES;

--
-- Table structure for table `1_stock_master`
--

DROP TABLE IF EXISTS `1_stock_master`;
/*!40101 SET @saved_cs_client     = @@character_set_client */;
/*!40101 SET character_set_client = utf8 */;
CREATE TABLE `1_stock_master` (
  `stock_id` varchar(20) COLLATE utf8_unicode_ci NOT NULL DEFAULT '',
  `category_id` int(11) NOT NULL DEFAULT '0',
  `tax_type_id` int(11) NOT NULL DEFAULT '0',
  `description` varchar(200) COLLATE utf8_unicode_ci NOT NULL DEFAULT '',
  `long_description` tinytext COLLATE utf8_unicode_ci NOT NULL,
  `units` varchar(20) COLLATE utf8_unicode_ci NOT NULL DEFAULT 'each',
  `mb_flag` char(1) COLLATE utf8_unicode_ci NOT NULL DEFAULT 'B',
  `sales_account` varchar(15) COLLATE utf8_unicode_ci NOT NULL DEFAULT '',
  `cogs_account` varchar(15) COLLATE utf8_unicode_ci NOT NULL DEFAULT '',
  `inventory_account` varchar(15) COLLATE utf8_unicode_ci NOT NULL DEFAULT '',
  `adjustment_account` varchar(15) COLLATE utf8_unicode_ci NOT NULL DEFAULT '',
  `wip_account` varchar(15) COLLATE utf8_unicode_ci NOT NULL DEFAULT '',
  `dimension_id` int(11) DEFAULT NULL,
  `dimension2_id` int(11) DEFAULT NULL,
  `purchase_cost` double NOT NULL DEFAULT '0',
  `material_cost` double NOT NULL DEFAULT '0',
  `labour_cost` double NOT NULL DEFAULT '0',
  `overhead_cost` double NOT NULL DEFAULT '0',
  `inactive` tinyint(1) NOT NULL DEFAULT '0',
  `no_sale` tinyint(1) NOT NULL DEFAULT '0',
  `no_purchase` tinyint(1) NOT NULL DEFAULT '0',
  `editable` tinyint(1) NOT NULL DEFAULT '0',
  `depreciation_method` char(1) COLLATE utf8_unicode_ci NOT NULL DEFAULT 'S',
  `depreciation_rate` double NOT NULL DEFAULT '0',
  `depreciation_factor` double NOT NULL DEFAULT '1',
  `depreciation_start` date NOT NULL DEFAULT '0000-00-00',
  `depreciation_date` date NOT NULL DEFAULT '0000-00-00',
  `fa_class_id` varchar(20) COLLATE utf8_unicode_ci NOT NULL DEFAULT '',
  PRIMARY KEY (`stock_id`)
) ENGINE=InnoDB DEFAULT CHARSET=utf8 COLLATE=utf8_unicode_ci;
/*!40101 SET character_set_client = @saved_cs_client */;

--
-- Dumping data for table `1_stock_master`
--

LOCK TABLES `1_stock_master` WRITE;
/*!40000 ALTER TABLE `1_stock_master` DISABLE KEYS */;
INSERT INTO `1_stock_master` VALUES ('TEST',1,1,'TEST','TEST','each','B','4010','5010','1510','5040','1530',0,0,0,1,0,0,0,0,0,0,'',0,0,'0000-00-00','0000-00-00','');
/*!40000 ALTER TABLE `1_stock_master` ENABLE KEYS */;
UNLOCK TABLES;

--
-- Table structure for table `1_stock_moves`
--

DROP TABLE IF EXISTS `1_stock_moves`;
/*!40101 SET @saved_cs_client     = @@character_set_client */;
/*!40101 SET character_set_client = utf8 */;
CREATE TABLE `1_stock_moves` (
  `trans_id` int(11) NOT NULL AUTO_INCREMENT,
  `trans_no` int(11) NOT NULL DEFAULT '0',
  `stock_id` char(20) COLLATE utf8_unicode_ci NOT NULL DEFAULT '',
  `type` smallint(6) NOT NULL DEFAULT '0',
  `loc_code` char(5) COLLATE utf8_unicode_ci NOT NULL DEFAULT '',
  `tran_date` date NOT NULL DEFAULT '0000-00-00',
  `price` double NOT NULL DEFAULT '0',
  `reference` char(40) COLLATE utf8_unicode_ci NOT NULL DEFAULT '',
  `qty` double NOT NULL DEFAULT '1',
  `standard_cost` double NOT NULL DEFAULT '0',
  PRIMARY KEY (`trans_id`),
  KEY `type` (`type`,`trans_no`),
  KEY `Move` (`stock_id`,`loc_code`,`tran_date`)
) ENGINE=InnoDB AUTO_INCREMENT=9 DEFAULT CHARSET=utf8 COLLATE=utf8_unicode_ci;
/*!40101 SET character_set_client = @saved_cs_client */;

--
-- Dumping data for table `1_stock_moves`
--

LOCK TABLES `1_stock_moves` WRITE;
/*!40000 ALTER TABLE `1_stock_moves` DISABLE KEYS */;
INSERT INTO `1_stock_moves` VALUES (1,1,'TEST',17,'DEF','2021-01-01',0,'001/2021',1110,1),(2,1,'TEST',13,'DEF','2021-04-05',110,'auto',-1,1),(3,2,'TEST',13,'DEF','2021-04-05',1110,'auto',-1,1),(4,3,'TEST',13,'DEF','2021-04-05',200,'auto',-2,1),(5,4,'TEST',13,'DEF','2021-04-05',135,'auto',-3,1),(6,5,'TEST',13,'DEF','2021-04-05',100,'auto',-1,1),(7,6,'TEST',13,'DEF','2021-04-06',100,'001/2021',-2,1),(8,7,'TEST',13,'DEF','2021-04-06',200,'auto',-2,1);
/*!40000 ALTER TABLE `1_stock_moves` ENABLE KEYS */;
UNLOCK TABLES;

--
-- Table structure for table `1_supp_allocations`
--

DROP TABLE IF EXISTS `1_supp_allocations`;
/*!40101 SET @saved_cs_client     = @@character_set_client */;
/*!40101 SET character_set_client = utf8 */;
CREATE TABLE `1_supp_allocations` (
  `id` int(11) NOT NULL AUTO_INCREMENT,
  `person_id` int(11) DEFAULT NULL,
  `amt` double unsigned DEFAULT NULL,
  `date_alloc` date NOT NULL DEFAULT '0000-00-00',
  `trans_no_from` int(11) DEFAULT NULL,
  `trans_type_from` int(11) DEFAULT NULL,
  `trans_no_to` int(11) DEFAULT NULL,
  `trans_type_to` int(11) DEFAULT NULL,
  PRIMARY KEY (`id`),
  UNIQUE KEY `trans_type_from` (`person_id`,`trans_type_from`,`trans_no_from`,`trans_type_to`,`trans_no_to`),
  KEY `From` (`trans_type_from`,`trans_no_from`),
  KEY `To` (`trans_type_to`,`trans_no_to`)
) ENGINE=InnoDB DEFAULT CHARSET=utf8 COLLATE=utf8_unicode_ci;
/*!40101 SET character_set_client = @saved_cs_client */;

--
-- Dumping data for table `1_supp_allocations`
--

LOCK TABLES `1_supp_allocations` WRITE;
/*!40000 ALTER TABLE `1_supp_allocations` DISABLE KEYS */;
/*!40000 ALTER TABLE `1_supp_allocations` ENABLE KEYS */;
UNLOCK TABLES;

--
-- Table structure for table `1_supp_invoice_items`
--

DROP TABLE IF EXISTS `1_supp_invoice_items`;
/*!40101 SET @saved_cs_client     = @@character_set_client */;
/*!40101 SET character_set_client = utf8 */;
CREATE TABLE `1_supp_invoice_items` (
  `id` int(11) NOT NULL AUTO_INCREMENT,
  `supp_trans_no` int(11) DEFAULT NULL,
  `supp_trans_type` int(11) DEFAULT NULL,
  `gl_code` varchar(15) COLLATE utf8_unicode_ci NOT NULL DEFAULT '',
  `grn_item_id` int(11) DEFAULT NULL,
  `po_detail_item_id` int(11) DEFAULT NULL,
  `stock_id` varchar(20) COLLATE utf8_unicode_ci NOT NULL DEFAULT '',
  `description` tinytext COLLATE utf8_unicode_ci,
  `quantity` double NOT NULL DEFAULT '0',
  `unit_price` double NOT NULL DEFAULT '0',
  `unit_tax` double NOT NULL DEFAULT '0',
  `memo_` tinytext COLLATE utf8_unicode_ci,
  `dimension_id` int(11) NOT NULL DEFAULT '0',
  `dimension2_id` int(11) NOT NULL DEFAULT '0',
  PRIMARY KEY (`id`),
  KEY `Transaction` (`supp_trans_type`,`supp_trans_no`,`stock_id`)
) ENGINE=InnoDB DEFAULT CHARSET=utf8 COLLATE=utf8_unicode_ci;
/*!40101 SET character_set_client = @saved_cs_client */;

--
-- Dumping data for table `1_supp_invoice_items`
--

LOCK TABLES `1_supp_invoice_items` WRITE;
/*!40000 ALTER TABLE `1_supp_invoice_items` DISABLE KEYS */;
/*!40000 ALTER TABLE `1_supp_invoice_items` ENABLE KEYS */;
UNLOCK TABLES;

--
-- Table structure for table `1_supp_trans`
--

DROP TABLE IF EXISTS `1_supp_trans`;
/*!40101 SET @saved_cs_client     = @@character_set_client */;
/*!40101 SET character_set_client = utf8 */;
CREATE TABLE `1_supp_trans` (
  `trans_no` int(11) unsigned NOT NULL DEFAULT '0',
  `type` smallint(6) unsigned NOT NULL DEFAULT '0',
  `supplier_id` int(11) unsigned NOT NULL,
  `reference` tinytext COLLATE utf8_unicode_ci NOT NULL,
  `supp_reference` varchar(60) COLLATE utf8_unicode_ci NOT NULL DEFAULT '',
  `tran_date` date NOT NULL DEFAULT '0000-00-00',
  `due_date` date NOT NULL DEFAULT '0000-00-00',
  `ov_amount` double NOT NULL DEFAULT '0',
  `ov_discount` double NOT NULL DEFAULT '0',
  `ov_gst` double NOT NULL DEFAULT '0',
  `rate` double NOT NULL DEFAULT '1',
  `alloc` double NOT NULL DEFAULT '0',
  `tax_included` tinyint(1) NOT NULL DEFAULT '0',
  PRIMARY KEY (`type`,`trans_no`,`supplier_id`),
  KEY `supplier_id` (`supplier_id`),
  KEY `tran_date` (`tran_date`)
) ENGINE=InnoDB DEFAULT CHARSET=utf8 COLLATE=utf8_unicode_ci;
/*!40101 SET character_set_client = @saved_cs_client */;

--
-- Dumping data for table `1_supp_trans`
--

LOCK TABLES `1_supp_trans` WRITE;
/*!40000 ALTER TABLE `1_supp_trans` DISABLE KEYS */;
/*!40000 ALTER TABLE `1_supp_trans` ENABLE KEYS */;
UNLOCK TABLES;

--
-- Table structure for table `1_suppliers`
--

DROP TABLE IF EXISTS `1_suppliers`;
/*!40101 SET @saved_cs_client     = @@character_set_client */;
/*!40101 SET character_set_client = utf8 */;
CREATE TABLE `1_suppliers` (
  `supplier_id` int(11) NOT NULL AUTO_INCREMENT,
  `supp_name` varchar(60) COLLATE utf8_unicode_ci NOT NULL DEFAULT '',
  `supp_ref` varchar(30) COLLATE utf8_unicode_ci NOT NULL DEFAULT '',
  `address` tinytext COLLATE utf8_unicode_ci NOT NULL,
  `supp_address` tinytext COLLATE utf8_unicode_ci NOT NULL,
  `gst_no` varchar(25) COLLATE utf8_unicode_ci NOT NULL DEFAULT '',
  `contact` varchar(60) COLLATE utf8_unicode_ci NOT NULL DEFAULT '',
  `supp_account_no` varchar(40) COLLATE utf8_unicode_ci NOT NULL DEFAULT '',
  `website` varchar(100) COLLATE utf8_unicode_ci NOT NULL DEFAULT '',
  `bank_account` varchar(60) COLLATE utf8_unicode_ci NOT NULL DEFAULT '',
  `curr_code` char(3) COLLATE utf8_unicode_ci DEFAULT NULL,
  `payment_terms` int(11) DEFAULT NULL,
  `tax_included` tinyint(1) NOT NULL DEFAULT '0',
  `dimension_id` int(11) DEFAULT '0',
  `dimension2_id` int(11) DEFAULT '0',
  `tax_group_id` int(11) DEFAULT NULL,
  `credit_limit` double NOT NULL DEFAULT '0',
  `purchase_account` varchar(15) COLLATE utf8_unicode_ci NOT NULL DEFAULT '',
  `payable_account` varchar(15) COLLATE utf8_unicode_ci NOT NULL DEFAULT '',
  `payment_discount_account` varchar(15) COLLATE utf8_unicode_ci NOT NULL DEFAULT '',
  `notes` tinytext COLLATE utf8_unicode_ci NOT NULL,
  `inactive` tinyint(1) NOT NULL DEFAULT '0',
  PRIMARY KEY (`supplier_id`),
  KEY `supp_ref` (`supp_ref`)
) ENGINE=InnoDB DEFAULT CHARSET=utf8 COLLATE=utf8_unicode_ci;
/*!40101 SET character_set_client = @saved_cs_client */;

--
-- Dumping data for table `1_suppliers`
--

LOCK TABLES `1_suppliers` WRITE;
/*!40000 ALTER TABLE `1_suppliers` DISABLE KEYS */;
/*!40000 ALTER TABLE `1_suppliers` ENABLE KEYS */;
UNLOCK TABLES;

--
-- Table structure for table `1_sys_prefs`
--

DROP TABLE IF EXISTS `1_sys_prefs`;
/*!40101 SET @saved_cs_client     = @@character_set_client */;
/*!40101 SET character_set_client = utf8 */;
CREATE TABLE `1_sys_prefs` (
  `name` varchar(35) COLLATE utf8_unicode_ci NOT NULL DEFAULT '',
  `category` varchar(30) COLLATE utf8_unicode_ci DEFAULT NULL,
  `type` varchar(20) COLLATE utf8_unicode_ci NOT NULL DEFAULT '',
  `length` smallint(6) DEFAULT NULL,
  `value` text COLLATE utf8_unicode_ci NOT NULL,
  PRIMARY KEY (`name`),
  KEY `category` (`category`)
) ENGINE=InnoDB DEFAULT CHARSET=utf8 COLLATE=utf8_unicode_ci;
/*!40101 SET character_set_client = @saved_cs_client */;

--
-- Dumping data for table `1_sys_prefs`
--

LOCK TABLES `1_sys_prefs` WRITE;
/*!40000 ALTER TABLE `1_sys_prefs` DISABLE KEYS */;
INSERT INTO `1_sys_prefs` VALUES ('accounts_alpha','glsetup.general','tinyint',1,'0'),('accumulate_shipping','glsetup.customer','tinyint',1,'0'),('add_pct','setup.company','int',5,'-1'),('allow_negative_prices','glsetup.inventory','tinyint',1,'1'),('allow_negative_stock','glsetup.inventory','tinyint',1,'0'),('alternative_tax_include_on_docs','setup.company','tinyint',1,''),('auto_curr_reval','setup.company','smallint',6,'1'),('bank_charge_act','glsetup.general','varchar',15,'5690'),('barcodes_on_stock','setup.company','tinyint',1,'0'),('base_sales','setup.company','int',11,'1'),('bcc_email','setup.company','varchar',100,''),('company_logo_report','setup.company','tinyint',1,'0'),('coy_logo','setup.company','varchar',100,''),('coy_name','setup.company','varchar',60,'Wise &amp; Agile'),('coy_no','setup.company','varchar',25,''),('creditors_act','glsetup.purchase','varchar',15,'2100'),('curr_default','setup.company','char',3,'KES'),('debtors_act','glsetup.sales','varchar',15,'1200'),('default_adj_act','glsetup.items','varchar',15,'5040'),('default_cogs_act','glsetup.items','varchar',15,'5010'),('default_credit_limit','glsetup.customer','int',11,'1000'),('default_delivery_required','glsetup.sales','smallint',6,'1'),('default_dim_required','glsetup.dims','int',11,'20'),('default_inv_sales_act','glsetup.items','varchar',15,'4010'),('default_inventory_act','glsetup.items','varchar',15,'1510'),('default_loss_on_asset_disposal_act','glsetup.items','varchar',15,'5660'),('default_prompt_payment_act','glsetup.sales','varchar',15,'4500'),('default_quote_valid_days','glsetup.sales','smallint',6,'30'),('default_receival_required','glsetup.purchase','smallint',6,'10'),('default_sales_act','glsetup.sales','varchar',15,'4010'),('default_sales_discount_act','glsetup.sales','varchar',15,'4510'),('default_wip_act','glsetup.items','varchar',15,'1530'),('default_workorder_required','glsetup.manuf','int',11,'20'),('deferred_income_act','glsetup.sales','varchar',15,'2105'),('depreciation_period','glsetup.company','tinyint',1,'1'),('dim_on_recurrent_invoice','setup.company','tinyint',1,'0'),('domicile','setup.company','varchar',55,''),('email','setup.company','varchar',100,'info@wizag.com'),('exchange_diff_act','glsetup.general','varchar',15,'4450'),('f_year','setup.company','int',11,'3'),('fax','setup.company','varchar',30,''),('freight_act','glsetup.customer','varchar',15,'4430'),('gl_closing_date','setup.closing_date','date',8,''),('grn_clearing_act','glsetup.purchase','varchar',15,'1550'),('gst_no','setup.company','varchar',25,''),('legal_text','glsetup.customer','tinytext',0,''),('loc_notification','glsetup.inventory','tinyint',1,'0'),('login_tout','setup.company','smallint',6,'600'),('long_description_invoice','setup.company','tinyint',1,'0'),('no_customer_list','setup.company','tinyint',1,'0'),('no_item_list','setup.company','tinyint',1,'0'),('no_supplier_list','setup.company','tinyint',1,'0'),('no_zero_lines_amount','glsetup.sales','tinyint',1,'1'),('past_due_days','glsetup.general','int',11,'30'),('phone','setup.company','varchar',30,'0701234567'),('po_over_charge','glsetup.purchase','int',11,'10'),('po_over_receive','glsetup.purchase','int',11,'10'),('postal_address','setup.company','tinytext',0,'Westlands Unga House, Nairobi Kenya.'),('print_dialog_direct','setup.company','tinyint',1,'0'),('print_invoice_no','glsetup.sales','tinyint',1,'0'),('print_item_images_on_quote','glsetup.inventory','tinyint',1,'0'),('profit_loss_year_act','glsetup.general','varchar',15,'9990'),('pyt_discount_act','glsetup.purchase','varchar',15,'5060'),('ref_no_auto_increase','setup.company','tinyint',1,'1'),('retained_earnings_act','glsetup.general','varchar',15,'3590'),('round_to','setup.company','int',5,'1'),('shortname_name_in_list','setup.company','tinyint',1,''),('show_po_item_codes','glsetup.purchase','tinyint',1,'0'),('suppress_tax_rates','setup.company','tinyint',1,''),('tax_algorithm','glsetup.customer','tinyint',1,'1'),('tax_last','setup.company','int',11,'1'),('tax_prd','setup.company','int',11,'1'),('time_zone','setup.company','tinyint',1,'0'),('use_dimension','setup.company','tinyint',1,'1'),('use_fixed_assets','setup.company','tinyint',1,'1'),('use_manufacturing','setup.company','tinyint',1,'1'),('version_id','system','varchar',11,'2.4.1');
/*!40000 ALTER TABLE `1_sys_prefs` ENABLE KEYS */;
UNLOCK TABLES;

--
-- Table structure for table `1_tag_associations`
--

DROP TABLE IF EXISTS `1_tag_associations`;
/*!40101 SET @saved_cs_client     = @@character_set_client */;
/*!40101 SET character_set_client = utf8 */;
CREATE TABLE `1_tag_associations` (
  `record_id` varchar(15) COLLATE utf8_unicode_ci NOT NULL,
  `tag_id` int(11) NOT NULL,
  PRIMARY KEY (`record_id`,`tag_id`)
) ENGINE=InnoDB DEFAULT CHARSET=utf8 COLLATE=utf8_unicode_ci;
/*!40101 SET character_set_client = @saved_cs_client */;

--
-- Dumping data for table `1_tag_associations`
--

LOCK TABLES `1_tag_associations` WRITE;
/*!40000 ALTER TABLE `1_tag_associations` DISABLE KEYS */;
/*!40000 ALTER TABLE `1_tag_associations` ENABLE KEYS */;
UNLOCK TABLES;

--
-- Table structure for table `1_tags`
--

DROP TABLE IF EXISTS `1_tags`;
/*!40101 SET @saved_cs_client     = @@character_set_client */;
/*!40101 SET character_set_client = utf8 */;
CREATE TABLE `1_tags` (
  `id` int(11) NOT NULL AUTO_INCREMENT,
  `type` smallint(6) NOT NULL,
  `name` varchar(30) COLLATE utf8_unicode_ci NOT NULL,
  `description` varchar(60) COLLATE utf8_unicode_ci DEFAULT NULL,
  `inactive` tinyint(1) NOT NULL DEFAULT '0',
  PRIMARY KEY (`id`),
  UNIQUE KEY `type` (`type`,`name`)
) ENGINE=InnoDB DEFAULT CHARSET=utf8 COLLATE=utf8_unicode_ci;
/*!40101 SET character_set_client = @saved_cs_client */;

--
-- Dumping data for table `1_tags`
--

LOCK TABLES `1_tags` WRITE;
/*!40000 ALTER TABLE `1_tags` DISABLE KEYS */;
/*!40000 ALTER TABLE `1_tags` ENABLE KEYS */;
UNLOCK TABLES;

--
-- Table structure for table `1_tax_group_items`
--

DROP TABLE IF EXISTS `1_tax_group_items`;
/*!40101 SET @saved_cs_client     = @@character_set_client */;
/*!40101 SET character_set_client = utf8 */;
CREATE TABLE `1_tax_group_items` (
  `tax_group_id` int(11) NOT NULL DEFAULT '0',
  `tax_type_id` int(11) NOT NULL DEFAULT '0',
  `tax_shipping` tinyint(1) NOT NULL DEFAULT '0',
  PRIMARY KEY (`tax_group_id`,`tax_type_id`)
) ENGINE=InnoDB DEFAULT CHARSET=utf8 COLLATE=utf8_unicode_ci;
/*!40101 SET character_set_client = @saved_cs_client */;

--
-- Dumping data for table `1_tax_group_items`
--

LOCK TABLES `1_tax_group_items` WRITE;
/*!40000 ALTER TABLE `1_tax_group_items` DISABLE KEYS */;
INSERT INTO `1_tax_group_items` VALUES (1,1,1);
/*!40000 ALTER TABLE `1_tax_group_items` ENABLE KEYS */;
UNLOCK TABLES;

--
-- Table structure for table `1_tax_groups`
--

DROP TABLE IF EXISTS `1_tax_groups`;
/*!40101 SET @saved_cs_client     = @@character_set_client */;
/*!40101 SET character_set_client = utf8 */;
CREATE TABLE `1_tax_groups` (
  `id` int(11) NOT NULL AUTO_INCREMENT,
  `name` varchar(60) COLLATE utf8_unicode_ci NOT NULL DEFAULT '',
  `inactive` tinyint(1) NOT NULL DEFAULT '0',
  PRIMARY KEY (`id`),
  UNIQUE KEY `name` (`name`)
) ENGINE=InnoDB AUTO_INCREMENT=3 DEFAULT CHARSET=utf8 COLLATE=utf8_unicode_ci;
/*!40101 SET character_set_client = @saved_cs_client */;

--
-- Dumping data for table `1_tax_groups`
--

LOCK TABLES `1_tax_groups` WRITE;
/*!40000 ALTER TABLE `1_tax_groups` DISABLE KEYS */;
INSERT INTO `1_tax_groups` VALUES (1,'Tax',0),(2,'Tax Exempt',0);
/*!40000 ALTER TABLE `1_tax_groups` ENABLE KEYS */;
UNLOCK TABLES;

--
-- Table structure for table `1_tax_types`
--

DROP TABLE IF EXISTS `1_tax_types`;
/*!40101 SET @saved_cs_client     = @@character_set_client */;
/*!40101 SET character_set_client = utf8 */;
CREATE TABLE `1_tax_types` (
  `id` int(11) NOT NULL AUTO_INCREMENT,
  `rate` double NOT NULL DEFAULT '0',
  `sales_gl_code` varchar(15) COLLATE utf8_unicode_ci NOT NULL DEFAULT '',
  `purchasing_gl_code` varchar(15) COLLATE utf8_unicode_ci NOT NULL DEFAULT '',
  `name` varchar(60) COLLATE utf8_unicode_ci NOT NULL DEFAULT '',
  `inactive` tinyint(1) NOT NULL DEFAULT '0',
  PRIMARY KEY (`id`)
) ENGINE=InnoDB AUTO_INCREMENT=2 DEFAULT CHARSET=utf8 COLLATE=utf8_unicode_ci;
/*!40101 SET character_set_client = @saved_cs_client */;

--
-- Dumping data for table `1_tax_types`
--

LOCK TABLES `1_tax_types` WRITE;
/*!40000 ALTER TABLE `1_tax_types` DISABLE KEYS */;
INSERT INTO `1_tax_types` VALUES (1,5,'2150','2150','Tax',0);
/*!40000 ALTER TABLE `1_tax_types` ENABLE KEYS */;
UNLOCK TABLES;

--
-- Table structure for table `1_trans_tax_details`
--

DROP TABLE IF EXISTS `1_trans_tax_details`;
/*!40101 SET @saved_cs_client     = @@character_set_client */;
/*!40101 SET character_set_client = utf8 */;
CREATE TABLE `1_trans_tax_details` (
  `id` int(11) NOT NULL AUTO_INCREMENT,
  `trans_type` smallint(6) DEFAULT NULL,
  `trans_no` int(11) DEFAULT NULL,
  `tran_date` date NOT NULL,
  `tax_type_id` int(11) NOT NULL DEFAULT '0',
  `rate` double NOT NULL DEFAULT '0',
  `ex_rate` double NOT NULL DEFAULT '1',
  `included_in_price` tinyint(1) NOT NULL DEFAULT '0',
  `net_amount` double NOT NULL DEFAULT '0',
  `amount` double NOT NULL DEFAULT '0',
  `memo` tinytext COLLATE utf8_unicode_ci,
  `reg_type` tinyint(1) DEFAULT NULL,
  PRIMARY KEY (`id`),
  KEY `Type_and_Number` (`trans_type`,`trans_no`),
  KEY `tran_date` (`tran_date`)
) ENGINE=InnoDB AUTO_INCREMENT=14 DEFAULT CHARSET=utf8 COLLATE=utf8_unicode_ci;
/*!40101 SET character_set_client = @saved_cs_client */;

--
-- Dumping data for table `1_trans_tax_details`
--

LOCK TABLES `1_trans_tax_details` WRITE;
/*!40000 ALTER TABLE `1_trans_tax_details` DISABLE KEYS */;
INSERT INTO `1_trans_tax_details` VALUES (1,13,1,'2021-04-05',1,5,1,1,104.76,5.24,'auto',NULL),(2,10,1,'2021-04-05',1,5,1,1,104.76,5.24,'INV001/2021',0),(3,13,2,'2021-04-05',1,5,1,1,1057.14,52.86,'auto',NULL),(4,10,2,'2021-04-05',1,5,1,1,1057.14,52.86,'INV002/2021',0),(5,13,3,'2021-04-05',1,5,1,1,380.95,19.05,'auto',NULL),(6,10,3,'2021-04-05',1,5,1,1,380.95,19.05,'INV003/2021',0),(7,13,4,'2021-04-05',1,5,1,1,385.71,19.29,'auto',NULL),(8,10,4,'2021-04-05',1,5,1,1,385.71,19.29,'INV004/2021',0),(9,13,5,'2021-04-05',1,5,1,1,95.24,4.76,'auto',NULL),(10,10,5,'2021-04-05',1,5,1,1,95.24,4.76,'INV005/2021',0),(11,13,6,'2021-04-06',1,5,1,1,190.48,9.52,'001/2021',NULL),(12,13,7,'2021-04-06',1,5,1,1,380.95,19.05,'auto',NULL),(13,10,6,'2021-04-06',1,5,1,1,380.95,19.05,'INV006/2021',0);
/*!40000 ALTER TABLE `1_trans_tax_details` ENABLE KEYS */;
UNLOCK TABLES;

--
-- Table structure for table `1_useronline`
--

DROP TABLE IF EXISTS `1_useronline`;
/*!40101 SET @saved_cs_client     = @@character_set_client */;
/*!40101 SET character_set_client = utf8 */;
CREATE TABLE `1_useronline` (
  `id` int(11) NOT NULL AUTO_INCREMENT,
  `timestamp` int(15) NOT NULL DEFAULT '0',
  `ip` varchar(40) COLLATE utf8_unicode_ci NOT NULL DEFAULT '',
  `file` varchar(100) COLLATE utf8_unicode_ci NOT NULL DEFAULT '',
  PRIMARY KEY (`id`),
  KEY `timestamp` (`timestamp`),
  KEY `ip` (`ip`)
) ENGINE=InnoDB DEFAULT CHARSET=utf8 COLLATE=utf8_unicode_ci;
/*!40101 SET character_set_client = @saved_cs_client */;

--
-- Dumping data for table `1_useronline`
--

LOCK TABLES `1_useronline` WRITE;
/*!40000 ALTER TABLE `1_useronline` DISABLE KEYS */;
/*!40000 ALTER TABLE `1_useronline` ENABLE KEYS */;
UNLOCK TABLES;

--
-- Table structure for table `1_users`
--

DROP TABLE IF EXISTS `1_users`;
/*!40101 SET @saved_cs_client     = @@character_set_client */;
/*!40101 SET character_set_client = utf8 */;
CREATE TABLE `1_users` (
  `id` smallint(6) NOT NULL AUTO_INCREMENT,
  `user_id` varchar(60) COLLATE utf8_unicode_ci NOT NULL DEFAULT '',
  `password` varchar(100) COLLATE utf8_unicode_ci NOT NULL DEFAULT '',
  `real_name` varchar(100) COLLATE utf8_unicode_ci NOT NULL DEFAULT '',
  `role_id` int(11) NOT NULL DEFAULT '1',
  `phone` varchar(30) COLLATE utf8_unicode_ci NOT NULL DEFAULT '',
  `email` varchar(100) COLLATE utf8_unicode_ci DEFAULT NULL,
  `language` varchar(20) COLLATE utf8_unicode_ci DEFAULT NULL,
  `date_format` tinyint(1) NOT NULL DEFAULT '0',
  `date_sep` tinyint(1) NOT NULL DEFAULT '0',
  `tho_sep` tinyint(1) NOT NULL DEFAULT '0',
  `dec_sep` tinyint(1) NOT NULL DEFAULT '0',
  `theme` varchar(20) COLLATE utf8_unicode_ci NOT NULL DEFAULT 'default',
  `page_size` varchar(20) COLLATE utf8_unicode_ci NOT NULL DEFAULT 'A4',
  `prices_dec` smallint(6) NOT NULL DEFAULT '2',
  `qty_dec` smallint(6) NOT NULL DEFAULT '2',
  `rates_dec` smallint(6) NOT NULL DEFAULT '4',
  `percent_dec` smallint(6) NOT NULL DEFAULT '1',
  `show_gl` tinyint(1) NOT NULL DEFAULT '1',
  `show_codes` tinyint(1) NOT NULL DEFAULT '0',
  `show_hints` tinyint(1) NOT NULL DEFAULT '0',
  `last_visit_date` datetime DEFAULT NULL,
  `query_size` tinyint(1) unsigned NOT NULL DEFAULT '10',
  `graphic_links` tinyint(1) DEFAULT '1',
  `pos` smallint(6) DEFAULT '1',
  `print_profile` varchar(30) COLLATE utf8_unicode_ci NOT NULL DEFAULT '',
  `rep_popup` tinyint(1) DEFAULT '1',
  `sticky_doc_date` tinyint(1) DEFAULT '0',
  `startup_tab` varchar(20) COLLATE utf8_unicode_ci NOT NULL DEFAULT '',
  `transaction_days` smallint(6) NOT NULL DEFAULT '30',
  `save_report_selections` smallint(6) NOT NULL DEFAULT '0',
  `use_date_picker` tinyint(1) NOT NULL DEFAULT '1',
  `def_print_destination` tinyint(1) NOT NULL DEFAULT '0',
  `def_print_orientation` tinyint(1) NOT NULL DEFAULT '0',
  `inactive` tinyint(1) NOT NULL DEFAULT '0',
  PRIMARY KEY (`id`),
  UNIQUE KEY `user_id` (`user_id`)
) ENGINE=InnoDB AUTO_INCREMENT=2 DEFAULT CHARSET=utf8 COLLATE=utf8_unicode_ci;
/*!40101 SET character_set_client = @saved_cs_client */;

--
-- Dumping data for table `1_users`
--

LOCK TABLES `1_users` WRITE;
/*!40000 ALTER TABLE `1_users` DISABLE KEYS */;
INSERT INTO `1_users` VALUES (1,'admin','25d55ad283aa400af464c76d713c07ad','Administrator',2,'','adm@example.com','C',0,0,0,0,'default','Letter',2,2,4,1,1,0,0,'2021-04-06 17:25:14',10,1,1,'1',1,0,'orders',30,0,1,0,0,0);
/*!40000 ALTER TABLE `1_users` ENABLE KEYS */;
UNLOCK TABLES;

--
-- Table structure for table `1_voided`
--

DROP TABLE IF EXISTS `1_voided`;
/*!40101 SET @saved_cs_client     = @@character_set_client */;
/*!40101 SET character_set_client = utf8 */;
CREATE TABLE `1_voided` (
  `type` int(11) NOT NULL DEFAULT '0',
  `id` int(11) NOT NULL DEFAULT '0',
  `date_` date NOT NULL DEFAULT '0000-00-00',
  `memo_` tinytext COLLATE utf8_unicode_ci NOT NULL,
  UNIQUE KEY `id` (`type`,`id`)
) ENGINE=InnoDB DEFAULT CHARSET=utf8 COLLATE=utf8_unicode_ci;
/*!40101 SET character_set_client = @saved_cs_client */;

--
-- Dumping data for table `1_voided`
--

LOCK TABLES `1_voided` WRITE;
/*!40000 ALTER TABLE `1_voided` DISABLE KEYS */;
/*!40000 ALTER TABLE `1_voided` ENABLE KEYS */;
UNLOCK TABLES;

--
-- Table structure for table `1_wo_costing`
--

DROP TABLE IF EXISTS `1_wo_costing`;
/*!40101 SET @saved_cs_client     = @@character_set_client */;
/*!40101 SET character_set_client = utf8 */;
CREATE TABLE `1_wo_costing` (
  `id` int(11) NOT NULL AUTO_INCREMENT,
  `workorder_id` int(11) NOT NULL DEFAULT '0',
  `cost_type` tinyint(1) NOT NULL DEFAULT '0',
  `trans_type` int(11) NOT NULL DEFAULT '0',
  `trans_no` int(11) NOT NULL DEFAULT '0',
  `factor` double NOT NULL DEFAULT '1',
  PRIMARY KEY (`id`)
) ENGINE=InnoDB DEFAULT CHARSET=utf8 COLLATE=utf8_unicode_ci;
/*!40101 SET character_set_client = @saved_cs_client */;

--
-- Dumping data for table `1_wo_costing`
--

LOCK TABLES `1_wo_costing` WRITE;
/*!40000 ALTER TABLE `1_wo_costing` DISABLE KEYS */;
/*!40000 ALTER TABLE `1_wo_costing` ENABLE KEYS */;
UNLOCK TABLES;

--
-- Table structure for table `1_wo_issue_items`
--

DROP TABLE IF EXISTS `1_wo_issue_items`;
/*!40101 SET @saved_cs_client     = @@character_set_client */;
/*!40101 SET character_set_client = utf8 */;
CREATE TABLE `1_wo_issue_items` (
  `id` int(11) NOT NULL AUTO_INCREMENT,
  `stock_id` varchar(40) COLLATE utf8_unicode_ci DEFAULT NULL,
  `issue_id` int(11) DEFAULT NULL,
  `qty_issued` double DEFAULT NULL,
  `unit_cost` double NOT NULL DEFAULT '0',
  PRIMARY KEY (`id`)
) ENGINE=InnoDB DEFAULT CHARSET=utf8 COLLATE=utf8_unicode_ci;
/*!40101 SET character_set_client = @saved_cs_client */;

--
-- Dumping data for table `1_wo_issue_items`
--

LOCK TABLES `1_wo_issue_items` WRITE;
/*!40000 ALTER TABLE `1_wo_issue_items` DISABLE KEYS */;
/*!40000 ALTER TABLE `1_wo_issue_items` ENABLE KEYS */;
UNLOCK TABLES;

--
-- Table structure for table `1_wo_issues`
--

DROP TABLE IF EXISTS `1_wo_issues`;
/*!40101 SET @saved_cs_client     = @@character_set_client */;
/*!40101 SET character_set_client = utf8 */;
CREATE TABLE `1_wo_issues` (
  `issue_no` int(11) NOT NULL AUTO_INCREMENT,
  `workorder_id` int(11) NOT NULL DEFAULT '0',
  `reference` varchar(100) COLLATE utf8_unicode_ci DEFAULT NULL,
  `issue_date` date DEFAULT NULL,
  `loc_code` varchar(5) COLLATE utf8_unicode_ci DEFAULT NULL,
  `workcentre_id` int(11) DEFAULT NULL,
  PRIMARY KEY (`issue_no`),
  KEY `workorder_id` (`workorder_id`)
) ENGINE=InnoDB DEFAULT CHARSET=utf8 COLLATE=utf8_unicode_ci;
/*!40101 SET character_set_client = @saved_cs_client */;

--
-- Dumping data for table `1_wo_issues`
--

LOCK TABLES `1_wo_issues` WRITE;
/*!40000 ALTER TABLE `1_wo_issues` DISABLE KEYS */;
/*!40000 ALTER TABLE `1_wo_issues` ENABLE KEYS */;
UNLOCK TABLES;

--
-- Table structure for table `1_wo_manufacture`
--

DROP TABLE IF EXISTS `1_wo_manufacture`;
/*!40101 SET @saved_cs_client     = @@character_set_client */;
/*!40101 SET character_set_client = utf8 */;
CREATE TABLE `1_wo_manufacture` (
  `id` int(11) NOT NULL AUTO_INCREMENT,
  `reference` varchar(100) COLLATE utf8_unicode_ci DEFAULT NULL,
  `workorder_id` int(11) NOT NULL DEFAULT '0',
  `quantity` double NOT NULL DEFAULT '0',
  `date_` date NOT NULL DEFAULT '0000-00-00',
  PRIMARY KEY (`id`),
  KEY `workorder_id` (`workorder_id`)
) ENGINE=InnoDB DEFAULT CHARSET=utf8 COLLATE=utf8_unicode_ci;
/*!40101 SET character_set_client = @saved_cs_client */;

--
-- Dumping data for table `1_wo_manufacture`
--

LOCK TABLES `1_wo_manufacture` WRITE;
/*!40000 ALTER TABLE `1_wo_manufacture` DISABLE KEYS */;
/*!40000 ALTER TABLE `1_wo_manufacture` ENABLE KEYS */;
UNLOCK TABLES;

--
-- Table structure for table `1_wo_requirements`
--

DROP TABLE IF EXISTS `1_wo_requirements`;
/*!40101 SET @saved_cs_client     = @@character_set_client */;
/*!40101 SET character_set_client = utf8 */;
CREATE TABLE `1_wo_requirements` (
  `id` int(11) NOT NULL AUTO_INCREMENT,
  `workorder_id` int(11) NOT NULL DEFAULT '0',
  `stock_id` char(20) COLLATE utf8_unicode_ci NOT NULL DEFAULT '',
  `workcentre` int(11) NOT NULL DEFAULT '0',
  `units_req` double NOT NULL DEFAULT '1',
  `unit_cost` double NOT NULL DEFAULT '0',
  `loc_code` char(5) COLLATE utf8_unicode_ci NOT NULL DEFAULT '',
  `units_issued` double NOT NULL DEFAULT '0',
  PRIMARY KEY (`id`),
  KEY `workorder_id` (`workorder_id`)
) ENGINE=InnoDB DEFAULT CHARSET=utf8 COLLATE=utf8_unicode_ci;
/*!40101 SET character_set_client = @saved_cs_client */;

--
-- Dumping data for table `1_wo_requirements`
--

LOCK TABLES `1_wo_requirements` WRITE;
/*!40000 ALTER TABLE `1_wo_requirements` DISABLE KEYS */;
/*!40000 ALTER TABLE `1_wo_requirements` ENABLE KEYS */;
UNLOCK TABLES;

--
-- Table structure for table `1_workcentres`
--

DROP TABLE IF EXISTS `1_workcentres`;
/*!40101 SET @saved_cs_client     = @@character_set_client */;
/*!40101 SET character_set_client = utf8 */;
CREATE TABLE `1_workcentres` (
  `id` int(11) NOT NULL AUTO_INCREMENT,
  `name` char(40) COLLATE utf8_unicode_ci NOT NULL DEFAULT '',
  `description` char(50) COLLATE utf8_unicode_ci NOT NULL DEFAULT '',
  `inactive` tinyint(1) NOT NULL DEFAULT '0',
  PRIMARY KEY (`id`),
  UNIQUE KEY `name` (`name`)
) ENGINE=InnoDB AUTO_INCREMENT=2 DEFAULT CHARSET=utf8 COLLATE=utf8_unicode_ci;
/*!40101 SET character_set_client = @saved_cs_client */;

--
-- Dumping data for table `1_workcentres`
--

LOCK TABLES `1_workcentres` WRITE;
/*!40000 ALTER TABLE `1_workcentres` DISABLE KEYS */;
INSERT INTO `1_workcentres` VALUES (1,'Work Centre','',0);
/*!40000 ALTER TABLE `1_workcentres` ENABLE KEYS */;
UNLOCK TABLES;

--
-- Table structure for table `1_workorders`
--

DROP TABLE IF EXISTS `1_workorders`;
/*!40101 SET @saved_cs_client     = @@character_set_client */;
/*!40101 SET character_set_client = utf8 */;
CREATE TABLE `1_workorders` (
  `id` int(11) NOT NULL AUTO_INCREMENT,
  `wo_ref` varchar(60) COLLATE utf8_unicode_ci NOT NULL DEFAULT '',
  `loc_code` varchar(5) COLLATE utf8_unicode_ci NOT NULL DEFAULT '',
  `units_reqd` double NOT NULL DEFAULT '1',
  `stock_id` varchar(20) COLLATE utf8_unicode_ci NOT NULL DEFAULT '',
  `date_` date NOT NULL DEFAULT '0000-00-00',
  `type` tinyint(4) NOT NULL DEFAULT '0',
  `required_by` date NOT NULL DEFAULT '0000-00-00',
  `released_date` date NOT NULL DEFAULT '0000-00-00',
  `units_issued` double NOT NULL DEFAULT '0',
  `closed` tinyint(1) NOT NULL DEFAULT '0',
  `released` tinyint(1) NOT NULL DEFAULT '0',
  `additional_costs` double NOT NULL DEFAULT '0',
  PRIMARY KEY (`id`),
  UNIQUE KEY `wo_ref` (`wo_ref`)
) ENGINE=InnoDB DEFAULT CHARSET=utf8 COLLATE=utf8_unicode_ci;
/*!40101 SET character_set_client = @saved_cs_client */;

--
-- Dumping data for table `1_workorders`
--

LOCK TABLES `1_workorders` WRITE;
/*!40000 ALTER TABLE `1_workorders` DISABLE KEYS */;
/*!40000 ALTER TABLE `1_workorders` ENABLE KEYS */;
UNLOCK TABLES;
/*!40103 SET TIME_ZONE=@OLD_TIME_ZONE */;

/*!40101 SET SQL_MODE=@OLD_SQL_MODE */;
/*!40014 SET FOREIGN_KEY_CHECKS=@OLD_FOREIGN_KEY_CHECKS */;
/*!40014 SET UNIQUE_CHECKS=@OLD_UNIQUE_CHECKS */;
/*!40101 SET CHARACTER_SET_CLIENT=@OLD_CHARACTER_SET_CLIENT */;
/*!40101 SET CHARACTER_SET_RESULTS=@OLD_CHARACTER_SET_RESULTS */;
/*!40101 SET COLLATION_CONNECTION=@OLD_COLLATION_CONNECTION */;
/*!40111 SET SQL_NOTES=@OLD_SQL_NOTES */;

-- Dump completed on 2021-04-07  7:06:38
